Mecanisme;Taux;Taux_num;Variable;Type;Methode;RMSE;RMSE_std;NRMSE;MAE;MAE_std;Bias;KS_pvalue;Wilcoxon_pvalue;F1;Accuracy;Kappa;MCC;Chi2_pvalue;Temps_moyen;Var_Ratio;F1_std
MCAR;10%;0.1;Adipo HMW;Continue;Mediane/Mode;4.793497066846313;4.741769811891291;0.09856927708629745;1.4517315829032924;1.1524884461832936;-1.1147554173816787;0.7158552233197467;0.582753395143922;;;;;;0.014980316162109375;0.9069878440249977;
MCAR;10%;0.1;Age;Continue;Mediane/Mode;10.144976617849021;1.21025732482223;0.18786993736757449;8.100322165567174;1.0656977826100187;-0.2176234647922489;0.6931044941937916;0.39715430168148125;;;;;;0.014980316162109375;0.9069878440249977;
MCAR;10%;0.1;Glibenclamide 5mg;Continue;Mediane/Mode;6.01648347944125;1.0844270764508213;0.3008241739720625;3.2892581576792104;0.8650455198612413;-3.2892581576792104;0.9700340215160628;0.010719198428538055;;;;;;0.014980316162109375;0.9069878440249977;
MCAR;10%;0.1;Glu;Continue;Mediane/Mode;0.8286059607097546;0.2721993782855194;0.152597782819476;0.5604459045832216;0.12183375366732116;-0.19764667649423742;0.840762074834332;0.34218264850187613;;;;;;0.014980316162109375;0.9069878440249977;
MCAR;10%;0.1;HDL;Continue;Mediane/Mode;0.2520028556094001;0.01570304179524895;0.17622577315342663;0.19950842338189195;0.007679560821847371;-0.016320341754256524;0.5248433174359157;0.34549206990358616;;;;;;0.014980316162109375;0.9069878440249977;
MCAR;10%;0.1;HOMA-IR;Continue;Mediane/Mode;8.77043759496609;10.379866052678656;0.08773301224349098;2.2419414133322033;2.272360195373689;-1.9318265713073175;0.7589504402007385;0.35816287080998305;;;;;;0.014980316162109375;0.9069878440249977;
MCAR;10%;0.1;HOMAB%;Continue;Mediane/Mode;64.25434566099989;23.015937043272142;0.18760392893722594;36.594132606447594;9.482241196238618;-22.19225726132747;0.674597310609671;0.31638857877301646;;;;;;0.014980316162109375;0.9069878440249977;
MCAR;10%;0.1;HOMAS%;Continue;Mediane/Mode;297.6771437824187;241.05861184378705;0.09719435262429187;127.07582616601785;75.88646504216939;-78.58317543439149;0.5270587007724269;0.4083351883993256;;;;;;0.014980316162109375;0.9069878440249977;
MCAR;10%;0.1;IMC;Continue;Mediane/Mode;5.348602098205771;1.339450972974846;0.1340572333421643;4.200178900188805;0.9119168700434895;-1.0704565537398607;0.7468958247093471;0.30022155595308647;;;;;;0.014980316162109375;0.9069878440249977;
MCAR;10%;0.1;Ins (µUI/mL);Continue;Mediane/Mode;5.003190723293139;0.7044219281836207;0.08639389207749236;3.0858881853210898;0.33610715536352037;-1.507829817457883;0.6019241543322585;0.4025535937656577;;;;;;0.014980316162109375;0.9069878440249977;
MCAR;10%;0.1;Insu pmol/L;Continue;Mediane/Mode;39.170212455708;7.224175734787039;0.11273029868039439;24.171759243135597;5.392692378920371;-12.9073492366859;0.662899765705444;0.45654072929107625;;;;;;0.014980316162109375;0.9069878440249977;
MCAR;10%;0.1;Insuline 10 UI;Continue;Mediane/Mode;1.3254237434699538;1.2715369393175058;0.1325423743469954;0.305019305019305;0.3344145367548007;-0.305019305019305;1.0;0.7610668674014194;;;;;;0.014980316162109375;0.9069878440249977;
MCAR;10%;0.1;LDLc;Continue;Mediane/Mode;0.4686304635005749;0.07783291035718047;0.21185825655541363;0.3746128039972746;0.06603612481426528;-0.07098135180558714;0.6238413231929998;0.40889524823561363;;;;;;0.014980316162109375;0.9069878440249977;
MCAR;10%;0.1;Lasilix 40 mg;Continue;Mediane/Mode;0.0;0.0;;0.0;0.0;0.0;1.0;1.0;;;;;;0.014980316162109375;0.9069878440249977;
MCAR;10%;0.1;Lexomil 6 mg;Continue;Mediane/Mode;0.0;0.0;;0.0;0.0;0.0;1.0;1.0;;;;;;0.014980316162109375;0.9069878440249977;
MCAR;10%;0.1;Metformine 500 mg;Continue;Mediane/Mode;1071.1275959883149;143.78146162278279;0.5355637979941574;620.6252081252081;155.70007927565658;620.6252081252081;0.9674199877297068;0.01020401470038264;;;;;;0.014980316162109375;0.9069878440249977;
MCAR;10%;0.1;Non HDL;Continue;Mediane/Mode;0.44889757787493306;0.056872133994999914;0.1854948668904682;0.35560661466193383;0.04621541632202783;-0.06463278707108494;0.6460914064617113;0.5206139815952102;;;;;;0.014980316162109375;0.9069878440249977;
MCAR;10%;0.1;PAD;Continue;Mediane/Mode;12.529270084893;1.7502382473540259;0.1407783155605955;9.599385292127227;1.1120940800193433;-1.9770565456049325;0.8086440957432245;0.2969434091436368;;;;;;0.014980316162109375;0.9069878440249977;
MCAR;10%;0.1;PAS;Continue;Mediane/Mode;21.866055619952082;2.7755249225369245;0.16820042784578523;17.822064171122996;2.120927911965762;0.012424242424242315;0.8923136517568752;0.44225339639925343;;;;;;0.014980316162109375;0.9069878440249977;
MCAR;10%;0.1;PCSK9;Continue;Mediane/Mode;36.835076030117435;17.440750930739476;0.11041255795731619;24.2958687483006;4.84125959854732;-7.488989389937103;0.6898081165546699;0.4033289170306961;;;;;;0.014980316162109375;0.9069878440249977;
MCAR;10%;0.1;Prot;Continue;Mediane/Mode;12.943889832681416;3.9151323431806686;0.14100097856951432;8.434567588325653;2.507315861995875;-4.4226164362519205;0.6739250773914758;0.19724741990637845;;;;;;0.014980316162109375;0.9069878440249977;
MCAR;10%;0.1;Ratio LDL-c/HDL;Continue;Mediane/Mode;5.390560992180652;2.5195201611602918;0.058630541821280024;2.4976951545109563;0.9732113369678783;-1.73604872088232;0.7475629535717033;0.38443217453313994;;;;;;0.014980316162109375;0.9069878440249977;
MCAR;10%;0.1;Ratio LogTG/HDL;Continue;Mediane/Mode;0.3243939746567216;0.09636527943676006;0.1552335280898796;0.22399565024345752;0.06486225771722404;-0.07395106201248709;0.6512767706233793;0.34123910801305335;;;;;;0.014980316162109375;0.9069878440249977;
MCAR;10%;0.1;Ratio TG/HDL;Continue;Mediane/Mode;3.409273471629393;3.231666321298054;0.08021819933245632;1.4536941023277055;1.111872168836135;-0.9462076662480724;0.6294654034445508;0.2871036301834711;;;;;;0.014980316162109375;0.9069878440249977;
MCAR;10%;0.1;Ratio Tot-c/HDL;Continue;Mediane/Mode;2.6515262851181944;0.8580730951972484;0.026375014756773386;1.5159448817589074;0.3521406618814829;-0.46175925308428517;0.6753813301255793;0.5934252401813864;;;;;;0.014980316162109375;0.9069878440249977;
MCAR;10%;0.1;TG;Continue;Mediane/Mode;0.44920392009315846;0.11944336339205305;0.12797832481286564;0.3310607263107263;0.08571995628063533;-0.10902801827801833;0.7711694809103918;0.27798809957845394;;;;;;0.014980316162109375;0.9069878440249977;
MCAR;10%;0.1;TT;Continue;Mediane/Mode;12.974140103482878;1.027538838896192;0.07543104711327256;10.176467864503419;1.0099154456645862;-0.746034095070348;0.7553095515970203;0.7758117841673458;;;;;;0.014980316162109375;0.9069878440249977;
MCAR;10%;0.1;Totc;Continue;Mediane/Mode;0.3877745154696842;0.03614313375152633;0.16786775561458195;0.3199210727969349;0.03623923698967473;-0.004166392993979131;0.7498298348967565;0.4358701058002241;;;;;;0.014980316162109375;0.9069878440249977;
MCAR;10%;0.1;lu(mmol/l);Continue;Mediane/Mode;4.3716923008586885;1.1772248453840806;0.14491681748950505;3.0437825193651906;0.7688640970447952;-1.061013765172494;0.7267021170844252;0.47717251776994124;;;;;;0.014980316162109375;0.9069878440249977;
MCAR;10%;0.1;HTA;Binaire;Mediane/Mode;;;;;;;;;0.5248454315586679;0.6590639320862445;0.0;0.0;5.781028032507571e-56;0.014980316162109375;0.9069878440249977;0.07173013399331658
MCAR;10%;0.1;HTS/HTD;Ordinale;Mediane/Mode;;;;;;;;;0.31862591722861044;0.48283544705482645;0.0;0.0;5.169878343174112e-151;0.014980316162109375;0.9069878440249977;0.09584934686494039
MCAR;10%;0.1;Profil_glycemique;Ordinale;Mediane/Mode;;;;;;;;;0.402028166296786;0.558202380952381;0.0;0.0;1.0669165183356704e-159;0.014980316162109375;0.9069878440249977;0.0834058773570041
MCAR;10%;0.1;Sexe;Binaire;Mediane/Mode;;;;;;;;;0.4162964787447546;0.5705696953110746;0.0;0.0;2.897786584000779e-57;0.014980316162109375;0.9069878440249977;0.07667533886154648
MCAR;10%;0.1;Adipo HMW;Continue;KNN (k=5);5.222473039243027;4.27653723826847;0.1073903634240752;1.875868835146613;1.0621711559536906;-0.4249846195306489;0.9761166724039191;0.18878710915450939;;;;;;0.10719585418701172;0.9216895018903962;
MCAR;10%;0.1;Age;Continue;KNN (k=5);11.54001921836325;1.7471068528782532;0.21370405959931943;9.407334946561807;1.4209593580004456;1.002251894103074;0.9660645316522448;0.18226113195155974;;;;;;0.10719585418701172;0.9216895018903962;
MCAR;10%;0.1;Glibenclamide 5mg;Continue;KNN (k=5);4.912347967363261;0.8603111029035321;0.24561739836816301;3.7806779848885115;0.38213452157751215;0.2533340722814407;0.788127012924692;0.2916899532266385;;;;;;0.10719585418701172;0.9216895018903962;
MCAR;10%;0.1;Glu;Continue;KNN (k=5);0.6955492236804368;0.10378547845862814;0.1280937796833217;0.5183963381577772;0.07085485900186383;0.05298812445278298;0.9996948170352166;0.4218804393756727;;;;;;0.10719585418701172;0.9216895018903962;
MCAR;10%;0.1;HDL;Continue;KNN (k=5);0.22224537095574348;0.010644788366149422;0.15541634332569476;0.1699000996988137;0.011853268029760538;5.831765935215144e-05;0.998873147700342;0.4311127748548915;;;;;;0.10719585418701172;0.9216895018903962;
MCAR;10%;0.1;HOMA-IR;Continue;KNN (k=5);7.497604950730718;7.924897699845152;0.07500052988426284;1.955234872022238;1.9266775405029137;-1.0752563098049142;0.9994322488232232;0.38486033375374973;;;;;;0.10719585418701172;0.9216895018903962;
MCAR;10%;0.1;HOMAB%;Continue;KNN (k=5);64.08658886486688;21.746125642705163;0.18711412807260402;39.256678332981934;8.575659313588071;-6.463057940021886;0.9122155386146128;0.40366514427714717;;;;;;0.10719585418701172;0.9216895018903962;
MCAR;10%;0.1;HOMAS%;Continue;KNN (k=5);331.98943244575014;214.58667667898337;0.1083976336062135;157.5248709569688;71.13651093434733;-8.06663096392529;0.9839791015667277;0.26002437265997286;;;;;;0.10719585418701172;0.9216895018903962;
MCAR;10%;0.1;IMC;Continue;KNN (k=5);4.642281391110252;1.4004152875897407;0.11635402826035982;3.4936386564853037;0.7741605335100148;-0.6315704955171884;0.9961538233185074;0.48321005477919243;;;;;;0.10719585418701172;0.9216895018903962;
MCAR;10%;0.1;Ins (µUI/mL);Continue;KNN (k=5);3.2328054480161894;0.4355729726011952;0.05582330565235901;1.9632649911637343;0.16984906498255375;-0.6462667191383366;0.9979695356548239;0.641771067359332;;;;;;0.10719585418701172;0.9216895018903962;
MCAR;10%;0.1;Insu pmol/L;Continue;KNN (k=5);35.64160442038352;7.398791388922577;0.10257510643582941;22.537690309811158;3.8575338818580027;-3.7733588310284985;0.946908285656729;0.3071688531801101;;;;;;0.10719585418701172;0.9216895018903962;
MCAR;10%;0.1;Insuline 10 UI;Continue;KNN (k=5);1.4221328325395362;1.087571707592564;0.1422132832539536;0.37856427856427854;0.29149424989956574;-0.2029029029029029;1.0;0.6050985389107792;;;;;;0.10719585418701172;0.9216895018903962;
MCAR;10%;0.1;LDLc;Continue;KNN (k=5);0.49350684803061406;0.04504499142014557;0.22310436167749287;0.39286683134226663;0.03936637694335565;-0.006997598183057001;0.9938989498124045;0.5302928548218915;;;;;;0.10719585418701172;0.9216895018903962;
MCAR;10%;0.1;Lasilix 40 mg;Continue;KNN (k=5);0.0;0.0;;0.0;0.0;0.0;1.0;1.0;;;;;;0.10719585418701172;0.9216895018903962;
MCAR;10%;0.1;Lexomil 6 mg;Continue;KNN (k=5);0.0;0.0;;0.0;0.0;0.0;1.0;1.0;;;;;;0.10719585418701172;0.9216895018903962;
MCAR;10%;0.1;Metformine 500 mg;Continue;KNN (k=5);890.7588903838487;105.31082766228187;0.44537944519192435;738.2777639027638;117.25970179986305;47.83861971361972;0.7999216459202501;0.38890799948611193;;;;;;0.10719585418701172;0.9216895018903962;
MCAR;10%;0.1;Non HDL;Continue;KNN (k=5);0.44831023154615013;0.059850774414708284;0.18525216179592982;0.36248903323626724;0.05261700984621959;0.01588658462105271;0.9850797726034279;0.5291817137944799;;;;;;0.10719585418701172;0.9216895018903962;
MCAR;10%;0.1;PAD;Continue;KNN (k=5);11.935441627683796;1.7748545695869573;0.13410608570431232;9.00409983833371;0.9963250962132945;-0.18285256410256465;0.9893315378252284;0.6291532980113884;;;;;;0.10719585418701172;0.9216895018903962;
MCAR;10%;0.1;PAS;Continue;KNN (k=5);19.860239790558996;2.428388004812272;0.15277107531199224;16.28770267379679;1.769602775235536;2.007299108734402;0.9930598252867748;0.42055912785542204;;;;;;0.10719585418701172;0.9216895018903962;
MCAR;10%;0.1;PCSK9;Continue;KNN (k=5);37.20389444302719;15.228782486159632;0.11151808531818899;26.42614924719163;5.0324157347818215;0.15182329547134935;0.8960211728460743;0.6028676598762559;;;;;;0.10719585418701172;0.9216895018903962;
MCAR;10%;0.1;Prot;Continue;KNN (k=5);11.25187054196707;3.737139142332621;0.12256939588199423;8.213206513056836;2.384139873291723;-1.6619129339477727;0.9980767927457611;0.7096924519210214;;;;;;0.10719585418701172;0.9216895018903962;
MCAR;10%;0.1;Ratio LDL-c/HDL;Continue;KNN (k=5);4.195728075325372;2.2717474695662077;0.04563491828548425;2.1546663093470784;0.9284745893949181;-0.600739380547423;0.9974188475995124;0.46824501153314485;;;;;;0.10719585418701172;0.9216895018903962;
MCAR;10%;0.1;Ratio LogTG/HDL;Continue;KNN (k=5);0.28375425081067485;0.045133189963166676;0.1357860407563182;0.2173339285920683;0.0385605051562553;-0.02308734108194737;0.9988990919768476;0.42493218137678923;;;;;;0.10719585418701172;0.9216895018903962;
MCAR;10%;0.1;Ratio TG/HDL;Continue;KNN (k=5);3.4960504806470767;2.444049699241677;0.08226001130934299;1.5956190777687909;0.8261244170559906;-0.023939004688480585;0.9806029320713774;0.1691030397000759;;;;;;0.10719585418701172;0.9216895018903962;
MCAR;10%;0.1;Ratio Tot-c/HDL;Continue;KNN (k=5);2.7266563973478837;0.705303763106189;0.02712234199612895;1.635906740576249;0.26221767636455534;0.7594715273955421;0.9799366686631131;0.11764833629131317;;;;;;0.10719585418701172;0.9216895018903962;
MCAR;10%;0.1;TG;Continue;KNN (k=5);0.464560189408685;0.10310291847064025;0.13235333031586466;0.36027743506493504;0.08578705727344865;-0.026128926166426158;0.9994490741176403;0.5890992242856705;;;;;;0.10719585418701172;0.9216895018903962;
MCAR;10%;0.1;TT;Continue;KNN (k=5);13.973466947421244;1.1491614491582358;0.08124108690361187;10.958559266892433;1.1453496912870447;-0.7382103265754519;0.9974188475995124;0.4483993305088626;;;;;;0.10719585418701172;0.9216895018903962;
MCAR;10%;0.1;Totc;Continue;KNN (k=5);0.40650250309762087;0.044271482806971935;0.17597510956606965;0.3359007991242474;0.039035072823048085;0.009516387520525473;0.9894217343168668;0.5216737800035764;;;;;;0.10719585418701172;0.9216895018903962;
MCAR;10%;0.1;lu(mmol/l);Continue;KNN (k=5);3.986977279007809;0.6027485156486552;0.13216393536280913;2.9689065178324006;0.538410021581571;0.5192118319399379;0.9774805415489508;0.37095082445315736;;;;;;0.10719585418701172;0.9216895018903962;
MCAR;10%;0.1;HTA;Binaire;KNN (k=5);;;;;;;;;0.7575215297069123;0.7726947637292465;0.45246105481836896;0.47725410179173944;2.4860636260005527e-59;0.10719585418701172;0.9216895018903962;0.09082638714599112
MCAR;10%;0.1;HTS/HTD;Ordinale;KNN (k=5);;;;;;;;;0.431280595809333;0.38203869257209083;0.19723566711425924;0.25510881006485353;1.7170610629117336e-135;0.10719585418701172;0.9216895018903962;0.0843005196739858
MCAR;10%;0.1;Profil_glycemique;Ordinale;KNN (k=5);;;;;;;;;0.3703858629208033;0.3281428571428572;0.14204862993300946;0.17609707450715276;1.0953549742508104e-126;0.10719585418701172;0.9216895018903962;0.10930206178198028
MCAR;10%;0.1;Sexe;Binaire;KNN (k=5);;;;;;;;;0.49401845710141556;0.5095543696405765;0.009032949197814633;0.0052741085677350365;5.577587768024811e-54;0.10719585418701172;0.9216895018903962;0.13790528210942965
MCAR;10%;0.1;Adipo HMW;Continue;MICE (BayesianRidge);7.0942848078709435;3.057145994103481;0.1458806619060275;4.610384215362389;0.9440705602827003;-0.18476535306495967;0.8789249142493019;0.5916021014505531;;;;;;3.8965205192565917;1.0064673867892004;
MCAR;10%;0.1;Age;Continue;MICE (BayesianRidge);15.526521769027124;2.0438305461247634;0.2875281809079097;12.18187629834016;1.7003172862044313;-2.278472650689884;0.9999911146411596;0.5679065633914433;;;;;;3.8965205192565917;1.0064673867892004;
MCAR;10%;0.1;Glibenclamide 5mg;Continue;MICE (BayesianRidge);6.7192978474493446;0.7948213585038565;0.3359648923724672;5.448985427302649;0.594491879874626;0.30388123323592187;0.8993540169933528;0.44686589275370353;;;;;;3.8965205192565917;1.0064673867892004;
MCAR;10%;0.1;Glu;Continue;MICE (BayesianRidge);0.19081318779719342;0.09865981139670675;0.035140550238893814;0.05656061115981681;0.04171301443028959;0.009982978647149199;1.0;0.49217288375984936;;;;;;3.8965205192565917;1.0064673867892004;
MCAR;10%;0.1;HDL;Continue;MICE (BayesianRidge);0.12960605287063529;0.0114757694699028;0.09063360340603867;0.09994003215665641;0.010422392978317402;-0.009903192567183621;0.9999997646949922;0.5468990676391037;;;;;;3.8965205192565917;1.0064673867892004;
MCAR;10%;0.1;HOMA-IR;Continue;MICE (BayesianRidge);16.841750673722014;4.110079076769143;0.16847249661836156;11.47380080622803;1.5621865468251208;-1.2184436070844447;0.7465048266309239;0.21399465356953443;;;;;;3.8965205192565917;1.0064673867892004;
MCAR;10%;0.1;HOMAB%;Continue;MICE (BayesianRidge);86.32853667487218;14.883021435061305;0.2520541216784589;59.03974182481536;7.8517666536784905;-12.191225860938577;0.9987014030894533;0.6741820567824106;;;;;;3.8965205192565917;1.0064673867892004;
MCAR;10%;0.1;HOMAS%;Continue;MICE (BayesianRidge);498.860204588935;141.4592410845034;0.16288249080515066;367.64978307898815;71.0525757128626;-15.860132762224481;0.8646093791981597;0.2861871401939425;;;;;;3.8965205192565917;1.0064673867892004;
MCAR;10%;0.1;IMC;Continue;MICE (BayesianRidge);5.87437706549526;1.1737390728474255;0.14723524437780294;4.71322841971749;0.8055439952755085;-0.34106143932342614;0.9999999983183667;0.44752313976641744;;;;;;3.8965205192565917;1.0064673867892004;
MCAR;10%;0.1;Ins (µUI/mL);Continue;MICE (BayesianRidge);1.4201953722666354;0.605917571260304;0.024523591545156646;0.450211631274407;0.2805298905979948;0.042990522490492955;0.9999999999999369;0.5115638056433454;;;;;;3.8965205192565917;1.0064673867892004;
MCAR;10%;0.1;Insu pmol/L;Continue;MICE (BayesianRidge);8.518392611558555;3.3840956714172545;0.02451559190452963;2.756585048366324;1.5125409729692727;0.4395646583662094;0.9999999999999369;0.5988310109398298;;;;;;3.8965205192565917;1.0064673867892004;
MCAR;10%;0.1;Insuline 10 UI;Continue;MICE (BayesianRidge);2.287392258345992;0.6085079299754435;0.22873922583459919;1.5346481715137592;0.1911710455833552;0.1020342785759758;0.7371339361925775;0.46784628289169633;;;;;;3.8965205192565917;1.0064673867892004;
MCAR;10%;0.1;LDLc;Continue;MICE (BayesianRidge);0.1380861428230526;0.029676427022714582;0.062425923518559044;0.10711444150521152;0.020403581455350053;0.007778937178609066;0.9999999991592776;0.35274455354665407;;;;;;3.8965205192565917;1.0064673867892004;
MCAR;10%;0.1;Lasilix 40 mg;Continue;MICE (BayesianRidge);0.00012520866268793523;1.662488600913675e-05;;0.00010265049239571275;1.4887762743768592e-05;-1.2916754430171966e-05;0.7371339361925775;0.5878161953180097;;;;;;3.8965205192565917;1.0064673867892004;
MCAR;10%;0.1;Lexomil 6 mg;Continue;MICE (BayesianRidge);0.00013229655527507877;2.1723853356142845e-05;;0.00010814306822875432;1.5366137069998382e-05;1.2999689973923584e-05;0.7228724690571832;0.5665210577193648;;;;;;3.8965205192565917;1.0064673867892004;
MCAR;10%;0.1;Metformine 500 mg;Continue;MICE (BayesianRidge);1175.6862852242405;122.4825563593498;0.5878431426121203;917.9913450547189;91.2787192418054;-16.442131062095466;0.9725263239247969;0.6949849626980722;;;;;;3.8965205192565917;1.0064673867892004;
MCAR;10%;0.1;Non HDL;Continue;MICE (BayesianRidge);0.18402578104187312;0.019752215784984522;0.07604371117432773;0.14491391711088009;0.016969516413538777;0.007688360019492381;0.9999913516274855;0.4028173626206154;;;;;;3.8965205192565917;1.0064673867892004;
MCAR;10%;0.1;PAD;Continue;MICE (BayesianRidge);14.576572882407941;1.6999467439026614;0.16378171777986453;11.778362508265928;0.9665882673116635;1.558608930273523;0.999982232645271;0.24771465938538312;;;;;;3.8965205192565917;1.0064673867892004;
MCAR;10%;0.1;PAS;Continue;MICE (BayesianRidge);24.57754048665737;2.2328236213256405;0.18905800374351825;19.37720351147708;1.589852206269782;1.1353743161161387;0.9999997621729518;0.5447174940723926;;;;;;3.8965205192565917;1.0064673867892004;
MCAR;10%;0.1;PCSK9;Continue;MICE (BayesianRidge);50.30726683936068;9.370987749291178;0.15079523688327717;37.05462857270264;2.929101237202085;1.6927550202284258;0.9998922697771331;0.5194409859118423;;;;;;3.8965205192565917;1.0064673867892004;
MCAR;10%;0.1;Prot;Continue;MICE (BayesianRidge);16.102621170154947;4.069078115354202;0.17540981666835453;12.824747592070475;3.4640682603010418;-1.4356453880533164;0.999982232645334;0.6166165609378368;;;;;;3.8965205192565917;1.0064673867892004;
MCAR;10%;0.1;Ratio LDL-c/HDL;Continue;MICE (BayesianRidge);0.9765759269367773;0.5228723478063331;0.010621747125944249;0.5299053405967304;0.21988213856390554;-0.021959865126371457;0.9999999999999369;0.7263280925690196;;;;;;3.8965205192565917;1.0064673867892004;
MCAR;10%;0.1;Ratio LogTG/HDL;Continue;MICE (BayesianRidge);0.1496904737972837;0.018180603693193444;0.07163197279970364;0.12145739987397053;0.019932666636774607;-0.0035125246749183555;0.9999999991590887;0.5343983499376919;;;;;;3.8965205192565917;1.0064673867892004;
MCAR;10%;0.1;Ratio TG/HDL;Continue;MICE (BayesianRidge);1.8116775580243965;0.5734976178139797;0.04262770724763285;1.236366136837929;0.39220066810418225;0.1550846240663582;0.9220176634464675;0.4100986073128297;;;;;;3.8965205192565917;1.0064673867892004;
MCAR;10%;0.1;Ratio Tot-c/HDL;Continue;MICE (BayesianRidge);0.9990394178744003;0.5063882829254635;0.009937551642208609;0.5053131480980557;0.18219012414009972;0.008745624744873942;0.9999999999999369;0.6368712777271867;;;;;;3.8965205192565917;1.0064673867892004;
MCAR;10%;0.1;TG;Continue;MICE (BayesianRidge);0.39333245236730296;0.09299520018202054;0.11206052773997237;0.28343494144504183;0.04721105464252875;-0.03526095907966921;0.9999999974777076;0.45626389821991326;;;;;;3.8965205192565917;1.0064673867892004;
MCAR;10%;0.1;TT;Continue;MICE (BayesianRidge);16.626627364943786;2.0854822886105118;0.09666643816827783;12.880295572660184;1.2285742407133524;-2.0210909683761207;0.9998836222454038;0.42509025555482366;;;;;;3.8965205192565917;1.0064673867892004;
MCAR;10%;0.1;Totc;Continue;MICE (BayesianRidge);0.14400804042061874;0.03096539158839083;0.062341143039228906;0.1087465989518833;0.021240455131783038;-0.016725433648279386;0.9999999999998739;0.4828279370733071;;;;;;3.8965205192565917;1.0064673867892004;
MCAR;10%;0.1;lu(mmol/l);Continue;MICE (BayesianRidge);1.007555329404638;0.553737629513291;0.033399356984303394;0.28146682790211924;0.20612820350903305;0.029326958653350655;0.9999999999999998;0.4498348217952298;;;;;;3.8965205192565917;1.0064673867892004;
MCAR;10%;0.1;HTA;Binaire;MICE (BayesianRidge);;;;;;;;;0.7582563284852883;0.7592742844264142;0.4582134549029579;0.46426128052082155;6.1671088435525e-62;3.8965205192565917;1.0064673867892004;0.05114339352784273
MCAR;10%;0.1;HTS/HTD;Ordinale;MICE (BayesianRidge);;;;;;;;;0.4304101690380401;0.3731116498333532;0.14325960107129587;0.1575731109317622;3.1731501575966405e-126;3.8965205192565917;1.0064673867892004;0.10611468578648281
MCAR;10%;0.1;Profil_glycemique;Ordinale;MICE (BayesianRidge);;;;;;;;;0.4514078522836701;0.3871428571428571;0.15360272838282257;0.17190784622942185;1.8117052598464521e-127;3.8965205192565917;1.0064673867892004;0.06205044280662357
MCAR;10%;0.1;Sexe;Binaire;MICE (BayesianRidge);;;;;;;;;0.5049703226863965;0.5176033114395183;0.015747743887404277;0.00845383410439519;1.0644184113940351e-54;3.8965205192565917;1.0064673867892004;0.0688215786226595
MCAR;10%;0.1;Adipo HMW;Continue;MissForest;5.060355593623875;4.321821771763365;0.10405672220245443;1.8641418595622294;1.0366259844188832;-0.31559695259112763;0.830991318276339;0.06146566420793533;;;;;;111.52902235984803;0.9590513237804222;
MCAR;10%;0.1;Age;Continue;MissForest;10.354715417699195;1.5830407429563658;0.19175398921665177;8.018261299359152;1.328515315397249;-0.2947543683231317;0.9515603513194207;0.3093665029198746;;;;;;111.52902235984803;0.9590513237804222;
MCAR;10%;0.1;Glibenclamide 5mg;Continue;MissForest;4.3460064035905335;0.7459637798907665;0.21730032017952666;3.0479629982762644;0.4431888770585415;-0.16422103282564726;0.6638315857013676;0.37075323503009094;;;;;;111.52902235984803;0.9590513237804222;
MCAR;10%;0.1;Glu;Continue;MissForest;0.13943794097832682;0.08492937747868966;0.025679178817371424;0.04531598083176994;0.02512440222975277;-0.006866405266684489;0.9999999999999998;0.5588068473307528;;;;;;111.52902235984803;0.9590513237804222;
MCAR;10%;0.1;HDL;Continue;MissForest;0.07436605313159188;0.01988682750373509;0.05200423295915517;0.048071640457893236;0.009486615081632744;-0.004510632257967626;0.9999999983185557;0.5346495054405608;;;;;;111.52902235984803;0.9590513237804222;
MCAR;10%;0.1;HOMA-IR;Continue;MissForest;2.0791114397063657;2.1538990462243266;0.020797902889136965;0.5635734956633723;0.5611977837809858;-0.11324790550114353;0.9999999999998739;0.3988922496733721;;;;;;111.52902235984803;0.9590513237804222;
MCAR;10%;0.1;HOMAB%;Continue;MissForest;39.760480514022504;10.459045425564021;0.11608899420152556;22.262182729418384;5.822130449590459;-2.884506532746105;0.9825088425806507;0.3928172995645582;;;;;;111.52902235984803;0.9590513237804222;
MCAR;10%;0.1;HOMAS%;Continue;MissForest;119.37675722923034;97.02159220132995;0.038977620148636934;38.29780112771666;31.947734615999945;-12.518161544703272;0.9999999999999369;0.3659503263304941;;;;;;111.52902235984803;0.9590513237804222;
MCAR;10%;0.1;IMC;Continue;MissForest;3.376655535252028;0.7607525807883131;0.08463241248722572;2.5377536303514328;0.436190277581999;-0.10058897333228183;0.9999911154818818;0.3061888886499219;;;;;;111.52902235984803;0.9590513237804222;
MCAR;10%;0.1;Ins (µUI/mL);Continue;MissForest;0.9485149353092611;0.507126173811125;0.016378727393598247;0.36643739103155815;0.2192501922907556;0.05638195792324605;0.9999999999999369;0.3632611603893565;;;;;;111.52902235984803;0.9590513237804222;
MCAR;10%;0.1;Insu pmol/L;Continue;MissForest;7.64241886961053;4.691526723979246;0.021994574647407412;3.123700332532837;1.769450732908207;0.15333229567981457;0.9999999999998739;0.3446761282214993;;;;;;111.52902235984803;0.9590513237804222;
MCAR;10%;0.1;Insuline 10 UI;Continue;MissForest;1.6589442227415696;0.8797967950980147;0.16589442227415693;0.5260199018894671;0.2960477744165744;-0.047068901199335975;0.9949912086222573;0.1887249658478208;;;;;;111.52902235984803;0.9590513237804222;
MCAR;10%;0.1;LDLc;Continue;MissForest;0.10100512321274771;0.03691923232390417;0.045662352266160805;0.06679508180406198;0.02144572423642027;-0.006578685044797025;0.9999999999999998;0.30042800974915734;;;;;;111.52902235984803;0.9590513237804222;
MCAR;10%;0.1;Lasilix 40 mg;Continue;MissForest;0.0;0.0;;0.0;0.0;0.0;1.0;1.0;;;;;;111.52902235984803;0.9590513237804222;
MCAR;10%;0.1;Lexomil 6 mg;Continue;MissForest;0.0;0.0;;0.0;0.0;0.0;1.0;1.0;;;;;;111.52902235984803;0.9590513237804222;
MCAR;10%;0.1;Metformine 500 mg;Continue;MissForest;482.5675807254287;112.7336585104358;0.24128379036271436;302.45229912111944;68.01659484745403;-30.17125271996204;0.5692196999037809;0.12690446535715064;;;;;;111.52902235984803;0.9590513237804222;
MCAR;10%;0.1;Non HDL;Continue;MissForest;0.11432218795672575;0.02919100929847126;0.047240573535837084;0.0777062167861888;0.01828462466675284;-0.02202600256921822;0.9999913516275486;0.5039294688760834;;;;;;111.52902235984803;0.9590513237804222;
MCAR;10%;0.1;PAD;Continue;MissForest;8.898894377473315;1.74542330743073;0.09998757727498105;6.50440226918092;0.7322483513037376;0.665724408949021;0.9998749747136747;0.5114483070094138;;;;;;111.52902235984803;0.9590513237804222;
MCAR;10%;0.1;PAS;Continue;MissForest;13.077061719298609;2.2886873200389206;0.10059278245614316;9.96019886085653;1.025444336060051;0.7696883904810067;0.9999913499460413;0.31139619438908994;;;;;;111.52902235984803;0.9590513237804222;
MCAR;10%;0.1;PCSK9;Continue;MissForest;38.06509063058636;14.863997303868835;0.11409950727300595;25.89156846232761;3.8805682961576053;1.8328689869479338;0.8815127264247365;0.3049683366569752;;;;;;111.52902235984803;0.9590513237804222;
MCAR;10%;0.1;Prot;Continue;MissForest;10.538472390056931;3.780051751928515;0.11479817418362667;7.4913068780491034;2.8299841607273213;-1.2716633126063759;0.9824268230110412;0.6174776581814513;;;;;;111.52902235984803;0.9590513237804222;
MCAR;10%;0.1;Ratio LDL-c/HDL;Continue;MissForest;2.4400988528667407;1.4688899484341447;0.02653978278857889;0.6751482450456405;0.3445843295903671;0.009707736700419889;0.9999999999999367;0.41549553076038137;;;;;;111.52902235984803;0.9590513237804222;
MCAR;10%;0.1;Ratio LogTG/HDL;Continue;MissForest;0.07204867533956436;0.042612444931059416;0.0344777367674549;0.023585790315986455;0.009543479121140192;0.004871962283463293;1.0;0.5645280709344661;;;;;;111.52902235984803;0.9590513237804222;
MCAR;10%;0.1;Ratio TG/HDL;Continue;MissForest;1.387250203578468;1.3250589907801515;0.03264118126066983;0.35047117788639787;0.30128392859933634;-0.15256149293620908;1.0;0.5251609832675058;;;;;;111.52902235984803;0.9590513237804222;
MCAR;10%;0.1;Ratio Tot-c/HDL;Continue;MissForest;0.8103787510360816;0.6640510403986644;0.008060923867552564;0.33133887378981874;0.1404997490457116;-0.017047529995618076;0.9999999999999998;0.45864550918340685;;;;;;111.52902235984803;0.9590513237804222;
MCAR;10%;0.1;TG;Continue;MissForest;0.2240345635230939;0.044541249024211554;0.06382751097524042;0.14452779451680584;0.01281000724942581;-0.01705539789174531;0.9999913516274226;0.5252172408625484;;;;;;111.52902235984803;0.9590513237804222;
MCAR;10%;0.1;TT;Continue;MissForest;7.936601889784422;2.236331825930984;0.04614303424293269;5.829749758623814;1.5632962409268372;0.29453252672922964;0.9999913516273595;0.5333464125287719;;;;;;111.52902235984803;0.9590513237804222;
MCAR;10%;0.1;Totc;Continue;MissForest;0.14764794064937176;0.03998528367740303;0.06391685742397046;0.09606515073304636;0.024579937279219182;0.006726750711877091;0.9999997646950552;0.38969672429957425;;;;;;111.52902235984803;0.9590513237804222;
MCAR;10%;0.1;lu(mmol/l);Continue;MissForest;0.5954048155849185;0.4153271609529956;0.019737018311088383;0.20284944309753622;0.1446708385854601;-0.05936900902479171;0.9999999999999998;0.521064384575584;;;;;;111.52902235984803;0.9590513237804222;
MCAR;10%;0.1;HTA;Binaire;MissForest;;;;;;;;;0.933268748925005;0.9329607091878896;0.8488696269600965;0.851989909808996;3.981072424918533e-67;111.52902235984803;0.9590513237804222;0.042472928338145546
MCAR;10%;0.1;HTS/HTD;Ordinale;MissForest;;;;;;;;;0.7512878282388922;0.7134908185671763;0.5811929898745902;0.6125755332499584;1.0578505865504672e-160;111.52902235984803;0.9590513237804222;0.05409655449663475
MCAR;10%;0.1;Profil_glycemique;Ordinale;MissForest;;;;;;;;;0.9791562832029364;0.9791666666666666;0.9600193190050712;0.9610504131807043;6.825624356261462e-193;111.52902235984803;0.9590513237804222;0.029122314109447472
MCAR;10%;0.1;Sexe;Binaire;MissForest;;;;;;;;;0.5347814331874853;0.5550437876299945;0.05479229420416913;0.050801552365528066;1.9855225992544365e-52;111.52902235984803;0.9590513237804222;0.15160904260226757
MCAR;20%;0.2;Adipo HMW;Continue;Mediane/Mode;3.3853873902744773;2.6652925863593038;0.06961414246487975;1.1644884460869438;0.6100371719114017;-0.836400180940083;0.05556708964232361;0.35692740608543033;;;;;;0.0189302921295166;0.8121013889491886;
MCAR;20%;0.2;Age;Continue;Mediane/Mode;11.57494421252054;0.7961108006342069;0.21435081875038037;9.580009239516702;0.8330939273495364;0.03847547974413644;0.08857636627344312;0.7156266111859532;;;;;;0.0189302921295166;0.8121013889491886;
MCAR;20%;0.2;Glibenclamide 5mg;Continue;Mediane/Mode;5.724676578124392;0.6134983497088713;0.28623382890621957;3.007076365065752;0.4010461613955451;-3.007076365065752;0.6387014403873036;0.0003799717422212385;;;;;;0.0189302921295166;0.8121013889491886;
MCAR;20%;0.2;Glu;Continue;Mediane/Mode;0.9774713717965028;0.09187225977948502;0.1800131439772565;0.632851115350071;0.04069844498640667;-0.3215043310837467;0.10073766357576915;0.27865206749942784;;;;;;0.0189302921295166;0.8121013889491886;
MCAR;20%;0.2;HDL;Continue;Mediane/Mode;0.2602100962383525;0.021751220100154314;0.18196510226458215;0.2052636902259853;0.013959986934301716;0.026569104665826015;0.04537330669027843;0.2864471799680608;;;;;;0.0189302921295166;0.8121013889491886;
MCAR;20%;0.2;HOMA-IR;Continue;Mediane/Mode;5.23450082956011;5.275416065445313;0.052362099427279075;1.1532162087582265;0.7825137525587526;-0.9216087996203111;0.1342533040677441;0.24133564424617587;;;;;;0.0189302921295166;0.8121013889491886;
MCAR;20%;0.2;HOMAB%;Continue;Mediane/Mode;42.23560731014341;12.508551994309283;0.12331564178144061;26.897979116897595;5.250827195934059;-9.569718373414025;0.04801294028001101;0.33857592963094324;;;;;;0.0189302921295166;0.8121013889491886;
MCAR;20%;0.2;HOMAS%;Continue;Mediane/Mode;466.88012339518684;53.04424408296667;0.1524406972263646;147.0172563885065;22.295297989923846;-98.36538486502921;0.058602615594908106;0.5595134465034015;;;;;;0.0189302921295166;0.8121013889491886;
MCAR;20%;0.2;IMC;Continue;Mediane/Mode;5.416538064465469;0.9739052917005161;0.13575997875376572;4.2233453881329535;0.49235118054692206;-0.24941883656719716;0.06138492432178253;0.5528281772371293;;;;;;0.0189302921295166;0.8121013889491886;
MCAR;20%;0.2;Ins (µUI/mL);Continue;Mediane/Mode;5.346065308179741;1.57470657495935;0.09231456780646206;3.2524081387587045;0.3833805210583031;-1.234636120640325;0.08630165625788767;0.3963819248607724;;;;;;0.0189302921295166;0.8121013889491886;
MCAR;20%;0.2;Insu pmol/L;Continue;Mediane/Mode;41.56493142992618;11.429898216360323;0.11962220373514691;22.737057329210266;4.483700723776867;-11.55289638224014;0.07959329740505368;0.25094297744039457;;;;;;0.0189302921295166;0.8121013889491886;
MCAR;20%;0.2;Insuline 10 UI;Continue;Mediane/Mode;1.911106939191504;0.38316028059013285;0.1911106939191504;0.3769779173523447;0.13687350459878836;-0.3769779173523447;1.0;0.58883794300475;;;;;;0.0189302921295166;0.8121013889491886;
MCAR;20%;0.2;LDLc;Continue;Mediane/Mode;0.4437808901302698;0.02456259385944917;0.20062427221079107;0.361968570073256;0.018514827221244867;-0.03924631473102062;0.08229229433875905;0.42012141145397497;;;;;;0.0189302921295166;0.8121013889491886;
MCAR;20%;0.2;Lasilix 40 mg;Continue;Mediane/Mode;0.0;0.0;;0.0;0.0;0.0;1.0;1.0;;;;;;0.0189302921295166;0.8121013889491886;
MCAR;20%;0.2;Lexomil 6 mg;Continue;Mediane/Mode;0.0;0.0;;0.0;0.0;0.0;1.0;1.0;;;;;;0.0189302921295166;0.8121013889491886;
MCAR;20%;0.2;Metformine 500 mg;Continue;Mediane/Mode;1044.858705983977;134.74835706280575;0.5224293529919886;597.6677489177489;154.49696564071397;597.6677489177489;0.5427857934772626;0.0003702319812970248;;;;;;0.0189302921295166;0.8121013889491886;
MCAR;20%;0.2;Non HDL;Continue;Mediane/Mode;0.4664307320099068;0.026213171734743072;0.19273997190492018;0.3608574561403509;0.022153941741714714;-0.059258223209538996;0.06314210820229531;0.2689903996217711;;;;;;0.0189302921295166;0.8121013889491886;
MCAR;20%;0.2;PAD;Continue;Mediane/Mode;12.693694285183724;1.7707900855161578;0.14262577848521038;10.078860417171583;1.0977718878568619;-2.167894507801715;0.09103904388100423;0.14489453550502976;;;;;;0.0189302921295166;0.8121013889491886;
MCAR;20%;0.2;PAS;Continue;Mediane/Mode;21.32759155229432;1.8835271429736309;0.16405839655611015;16.99435702528536;1.027994574194271;0.9456178776683402;0.161678121336683;0.5442695441121982;;;;;;0.0189302921295166;0.8121013889491886;
MCAR;20%;0.2;PCSK9;Continue;Mediane/Mode;30.722271978455503;2.86153014993054;0.0920895244692355;22.449930505275894;1.8841234490638883;-4.217921478660001;0.028958546756856118;0.3348864702526431;;;;;;0.0189302921295166;0.8121013889491886;
MCAR;20%;0.2;Prot;Continue;Mediane/Mode;11.404817700290465;1.9634159752631415;0.12423548693126867;7.527326088726089;0.9987150108506565;-2.28358787352998;0.05497883681205416;0.22580264784824458;;;;;;0.0189302921295166;0.8121013889491886;
MCAR;20%;0.2;Ratio LDL-c/HDL;Continue;Mediane/Mode;9.445080573705287;4.013818220151331;0.1027296031684394;3.0739299129185524;0.7849168500430282;-2.3591825388157153;0.03737291994897227;0.12657756404057094;;;;;;0.0189302921295166;0.8121013889491886;
MCAR;20%;0.2;Ratio LogTG/HDL;Continue;Mediane/Mode;0.319929960719583;0.03850240810515297;0.1530973458946409;0.21982948473385613;0.029458558062347193;-0.08433042564926084;0.09668727480351769;0.34587769139452734;;;;;;0.0189302921295166;0.8121013889491886;
MCAR;20%;0.2;Ratio TG/HDL;Continue;Mediane/Mode;5.504228633453199;1.0186351046992779;0.12951126196360468;1.979752005087732;0.36807094974083954;-1.5157043948034779;0.040983198716519766;0.22858292672458166;;;;;;0.0189302921295166;0.8121013889491886;
MCAR;20%;0.2;Ratio Tot-c/HDL;Continue;Mediane/Mode;5.890404536617171;2.179527742782404;0.058592482167197334;2.56593514313483;0.6409001274989468;-1.7328909130091539;0.07526461851445373;0.33916764461902793;;;;;;0.0189302921295166;0.8121013889491886;
MCAR;20%;0.2;TG;Continue;Mediane/Mode;0.4219392753907652;0.07479146508096864;0.1202106197694488;0.312750514069264;0.04546802427756823;-0.05534456168831172;0.0681395046071845;0.4114390542475423;;;;;;0.0189302921295166;0.8121013889491886;
MCAR;20%;0.2;TT;Continue;Mediane/Mode;13.872359070604414;2.013016915091399;0.08065325041049079;10.524437784437785;1.2508078254700628;-1.3516905316905317;0.09754922881865218;0.5798030394461393;;;;;;0.0189302921295166;0.8121013889491886;
MCAR;20%;0.2;Totc;Continue;Mediane/Mode;0.4248415598437777;0.028712048411602242;0.18391409517046658;0.33831895480733465;0.022199076797683286;-0.017114869646111763;0.05733807137642255;0.44705960503159686;;;;;;0.0189302921295166;0.8121013889491886;
MCAR;20%;0.2;lu(mmol/l);Continue;Mediane/Mode;5.318545204426632;0.5147737870128059;0.17630395546095187;3.49271607679835;0.14962911738553802;-1.7423009869469652;0.12250620123291775;0.280419302647949;;;;;;0.0189302921295166;0.8121013889491886;
MCAR;20%;0.2;HTA;Binaire;Mediane/Mode;;;;;;;;;0.5697842149574963;0.6947407423379909;0.0;0.0;1.757372917634878e-52;0.0189302921295166;0.8121013889491886;0.03048310161723083
MCAR;20%;0.2;HTS/HTD;Ordinale;Mediane/Mode;;;;;;;;;0.35203810381251716;0.5158242095105423;0.0;0.0;2.4130814547522656e-131;0.0189302921295166;0.8121013889491886;0.0538354373694727
MCAR;20%;0.2;Profil_glycemique;Ordinale;Mediane/Mode;;;;;;;;;0.44207189951370573;0.5932545766970418;0.0;0.0;1.0538590604151044e-131;0.0189302921295166;0.8121013889491886;0.031325039239202906
MCAR;20%;0.2;Sexe;Binaire;Mediane/Mode;;;;;;;;;0.4415692592772541;0.5918709738537324;0.0;0.0;2.2835349277533746e-44;0.0189302921295166;0.8121013889491886;0.07221694388911402
MCAR;20%;0.2;Adipo HMW;Continue;KNN (k=5);3.932242601828358;2.111756646077939;0.08085919427612528;1.7315877557284147;0.5576035830537691;0.21463359060995318;0.6257449267479768;0.0967729056416754;;;;;;0.12649106979370117;0.8355897124097078;
MCAR;20%;0.2;Age;Continue;KNN (k=5);12.48361951432141;0.5819653802948528;0.23117813915410018;10.04081421464108;0.7391616678443572;0.664971144278607;0.6029786417466683;0.3565932252286985;;;;;;0.12649106979370117;0.8355897124097078;
MCAR;20%;0.2;Glibenclamide 5mg;Continue;KNN (k=5);5.251055453773008;0.41722541866298735;0.26255277268865035;4.123727129788451;0.3598187106488423;0.8558372641509433;0.10112884503612171;0.05024050597916936;;;;;;0.12649106979370117;0.8355897124097078;
MCAR;20%;0.2;Glu;Continue;KNN (k=5);0.8623614018884629;0.07767744922759348;0.15881425449142964;0.603989948754753;0.02155651427974313;-0.0692189970453191;0.7879676039686655;0.64779297544881;;;;;;0.12649106979370117;0.8355897124097078;
MCAR;20%;0.2;HDL;Continue;KNN (k=5);0.23282238801580202;0.025203071201322168;0.1628128587523091;0.1851344522508457;0.014925178070157098;0.04634308172701616;0.7932871382045658;0.19954771939695165;;;;;;0.12649106979370117;0.8355897124097078;
MCAR;20%;0.2;HOMA-IR;Continue;KNN (k=5);5.974390997932105;4.745979301904342;0.059763416921160606;1.4264878684763889;0.7481599055010555;-0.23578142334300534;0.8679601780803472;0.6089356895855169;;;;;;0.12649106979370117;0.8355897124097078;
MCAR;20%;0.2;HOMAB%;Continue;KNN (k=5);45.92307885974605;5.781354712621983;0.13408198207225125;32.96958412632054;3.7639315466054444;6.6950753483835;0.39117693815591453;0.2544752928411523;;;;;;0.12649106979370117;0.8355897124097078;
MCAR;20%;0.2;HOMAS%;Continue;KNN (k=5);467.6137745841408;39.54249435708757;0.15268024115458284;170.6671522686542;16.878387171822876;-33.1339949479986;0.6214537897925522;0.12384033230410074;;;;;;0.12649106979370117;0.8355897124097078;
MCAR;20%;0.2;IMC;Continue;KNN (k=5);5.0146011976690215;0.730482145980178;0.1256858428671151;3.8451910848159243;0.25068345384420626;-0.10264685166026251;0.7484652893146375;0.32306500091954315;;;;;;0.12649106979370117;0.8355897124097078;
MCAR;20%;0.2;Ins (µUI/mL);Continue;KNN (k=5);4.861640144101163;1.6195768651517952;0.08394963077734172;2.8656381749234123;0.6467018346685961;-0.18916470030344443;0.92108163846562;0.5497418016038427;;;;;;0.12649106979370117;0.8355897124097078;
MCAR;20%;0.2;Insu pmol/L;Continue;KNN (k=5);38.967010080106235;10.833000918268366;0.11214549040241902;22.653575052660837;3.3653319562639497;-3.294806464094499;0.7773520944018332;0.24712646580775854;;;;;;0.12649106979370117;0.8355897124097078;
MCAR;20%;0.2;Insuline 10 UI;Continue;KNN (k=5);1.8089336805815015;0.3836405301831489;0.18089336805815015;0.44662565616356076;0.11338436280268872;-0.23899570951851262;0.9999999999999998;0.712793888351999;;;;;;0.12649106979370117;0.8355897124097078;
MCAR;20%;0.2;LDLc;Continue;KNN (k=5);0.44752476939916425;0.033047372699545184;0.20231680352584278;0.3532101098641398;0.033314913522268556;-0.038679972049662975;0.7192315295490271;0.366445945040842;;;;;;0.12649106979370117;0.8355897124097078;
MCAR;20%;0.2;Lasilix 40 mg;Continue;KNN (k=5);0.0;0.0;;0.0;0.0;0.0;1.0;1.0;;;;;;0.12649106979370117;0.8355897124097078;
MCAR;20%;0.2;Lexomil 6 mg;Continue;KNN (k=5);0.0;0.0;;0.0;0.0;0.0;1.0;1.0;;;;;;0.12649106979370117;0.8355897124097078;
MCAR;20%;0.2;Metformine 500 mg;Continue;KNN (k=5);887.9962212964049;71.84344153721842;0.44399811064820244;679.0108016983016;78.8482411813169;135.63655094905096;0.246851614483091;0.5055359132825669;;;;;;0.12649106979370117;0.8355897124097078;
MCAR;20%;0.2;Non HDL;Continue;KNN (k=5);0.4759655579874934;0.02646967729325945;0.19667998263946007;0.37554973129794184;0.023381171655070043;-0.010756675780359996;0.6190853320047414;0.39249141411429694;;;;;;0.12649106979370117;0.8355897124097078;
MCAR;20%;0.2;PAD;Continue;KNN (k=5);12.484856109576263;1.1553053002327163;0.14027928213007038;9.58925825217845;0.8157943706983688;-2.231968094626617;0.41870771004368346;0.30506576086577963;;;;;;0.12649106979370117;0.8355897124097078;
MCAR;20%;0.2;PAS;Continue;KNN (k=5);20.739870817414918;0.9032384430383211;0.1595374678262686;16.576045373119236;1.049455492537724;1.5340492174667943;0.5989602260936546;0.4143688927961642;;;;;;0.12649106979370117;0.8355897124097078;
MCAR;20%;0.2;PCSK9;Continue;KNN (k=5);33.29846818725658;3.819500851879077;0.09981163186983102;24.575370462617123;2.1012129614683785;-0.28692908842502995;0.5488356099241655;0.3097995114542091;;;;;;0.12649106979370117;0.8355897124097078;
MCAR;20%;0.2;Prot;Continue;KNN (k=5);11.422944038069678;1.6250473700101689;0.12443294159117295;8.13437362701626;1.1959947677798124;-0.7337152451641924;0.8557174982666474;0.3298051855578264;;;;;;0.12649106979370117;0.8355897124097078;
MCAR;20%;0.2;Ratio LDL-c/HDL;Continue;KNN (k=5);8.427197547072947;3.785766444457499;0.09165857856660171;2.645872184441099;0.5995768004471457;-1.6747350494202433;0.7834478958185771;0.2984840887853386;;;;;;0.12649106979370117;0.8355897124097078;
MCAR;20%;0.2;Ratio LogTG/HDL;Continue;KNN (k=5);0.2868044214023095;0.04424147905898489;0.13724565091928898;0.209647849791939;0.0328983897890061;-0.06665359124778539;0.8763860189465646;0.3529617220614238;;;;;;0.12649106979370117;0.8355897124097078;
MCAR;20%;0.2;Ratio TG/HDL;Continue;KNN (k=5);4.940431608953455;0.7395869249697302;0.11624544962243424;1.965993646937467;0.2833381580945637;-0.7371119869133278;0.9456041661826067;0.4520794696897169;;;;;;0.12649106979370117;0.8355897124097078;
MCAR;20%;0.2;Ratio Tot-c/HDL;Continue;KNN (k=5);5.084230907289265;2.0911016890752405;0.0505733870937735;2.3786639883797838;0.5571569542656537;-0.6313655908143213;0.7733137658867885;0.683165746376342;;;;;;0.12649106979370117;0.8355897124097078;
MCAR;20%;0.2;TG;Continue;KNN (k=5);0.4500488780807335;0.0579653239024332;0.1282190535842546;0.3393316937229437;0.04597909872240103;0.03673145562770562;0.5881463191804681;0.45056143438165447;;;;;;0.12649106979370117;0.8355897124097078;
MCAR;20%;0.2;TT;Continue;KNN (k=5);13.586497651405983;2.197544273450126;0.07899126541515109;10.210579198579198;1.039540052797169;-0.8585347985347983;0.7985490435131133;0.44127485295401414;;;;;;0.12649106979370117;0.8355897124097078;
MCAR;20%;0.2;Totc;Continue;KNN (k=5);0.4438784830351146;0.03592287381246655;0.19215518746108862;0.35392378217309056;0.029808436802215493;0.01566546699424876;0.6111038122886481;0.4621578543516705;;;;;;0.12649106979370117;0.8355897124097078;
MCAR;20%;0.2;lu(mmol/l);Continue;KNN (k=5);4.693320832870011;0.5871479580005694;0.15557845148962607;3.4232124604140752;0.4597312676961023;-0.5365051060694468;0.7788442051379045;0.3422500216379659;;;;;;0.12649106979370117;0.8355897124097078;
MCAR;20%;0.2;HTA;Binaire;KNN (k=5);;;;;;;;;0.7908827623111246;0.7934704410781135;0.5074164058055911;0.5167390237465127;2.09163561762927e-56;0.12649106979370117;0.8355897124097078;0.05201739372754522
MCAR;20%;0.2;HTS/HTD;Ordinale;KNN (k=5);;;;;;;;;0.43245269506428274;0.37679216004237226;0.17823638631979563;0.22236357565569448;5.247705306408976e-109;0.12649106979370117;0.8355897124097078;0.11659695344349515
MCAR;20%;0.2;Profil_glycemique;Ordinale;KNN (k=5);;;;;;;;;0.2930946467710428;0.25781923420825686;0.07475504921829332;0.09765472608264131;4.3513785705041266e-82;0.12649106979370117;0.8355897124097078;0.10591162459805903
MCAR;20%;0.2;Sexe;Binaire;KNN (k=5);;;;;;;;;0.5235138201809137;0.551076192913761;0.03602758327032067;0.036815217956106205;1.8293718165483706e-42;0.12649106979370117;0.8355897124097078;0.10031173446521226
MCAR;20%;0.2;Adipo HMW;Continue;MICE (BayesianRidge);6.894768627323214;1.3809872470553202;0.14177798584106696;4.828803965016106;0.4192874817025091;0.4923614476866092;0.205038950540496;0.22737098862763774;;;;;;3.84867467880249;1.031400056091662;
MCAR;20%;0.2;Age;Continue;MICE (BayesianRidge);15.603041382288959;0.9183298853759894;0.28894521078312885;13.09303087600106;0.8812543824276935;0.6216042427200891;0.998881795232071;0.4960201966966514;;;;;;3.84867467880249;1.031400056091662;
MCAR;20%;0.2;Glibenclamide 5mg;Continue;MICE (BayesianRidge);6.723292560949164;0.3985208473063605;0.3361646280474583;5.261194638399562;0.3517852028970038;0.1256140140256537;0.3798621421246499;0.5915331705841445;;;;;;3.84867467880249;1.031400056091662;
MCAR;20%;0.2;Glu;Continue;MICE (BayesianRidge);0.3939415837578909;0.07108830775215033;0.07254909461471289;0.1286092848314828;0.018727990154672865;0.004800664262692792;0.9999999991592148;0.4900155346866441;;;;;;3.84867467880249;1.031400056091662;
MCAR;20%;0.2;HDL;Continue;MICE (BayesianRidge);0.19324085152946324;0.0327083111802672;0.13513346260801626;0.1411933324802087;0.009375871762782843;-0.0025236567540006098;0.9992518566805424;0.339000876371957;;;;;;3.84867467880249;1.031400056091662;
MCAR;20%;0.2;HOMA-IR;Continue;MICE (BayesianRidge);13.617863413502215;2.447513762181354;0.1362230977246463;9.710531504047857;1.9688126975328142;1.0425003543767768;0.21204503550168372;0.3840887377163543;;;;;;3.84867467880249;1.031400056091662;
MCAR;20%;0.2;HOMAB%;Continue;MICE (BayesianRidge);68.40750064422677;8.592064400599158;0.19972992888825333;53.08566030061833;4.272785999742811;6.847666459442837;0.6651986636814985;0.4826060907828141;;;;;;3.84867467880249;1.031400056091662;
MCAR;20%;0.2;HOMAS%;Continue;MICE (BayesianRidge);619.2200233041955;65.79296583393813;0.20218108966082066;389.449231517531;19.786970475361873;-6.670527393148245;0.29112259821189057;0.4080602885214926;;;;;;3.84867467880249;1.031400056091662;
MCAR;20%;0.2;IMC;Continue;MICE (BayesianRidge);7.289619830955783;0.3066521581826818;0.1827068547465749;5.694853607865151;0.15380726311434129;0.5329041032594711;0.9978704563265748;0.5426503040999594;;;;;;3.84867467880249;1.031400056091662;
MCAR;20%;0.2;Ins (µUI/mL);Continue;MICE (BayesianRidge);3.2813929388670386;0.7413294365654585;0.05666230273902643;1.132725475117228;0.39484006842910285;0.08765015996668131;0.9999997646950552;0.39649886698773396;;;;;;3.84867467880249;1.031400056091662;
MCAR;20%;0.2;Insu pmol/L;Continue;MICE (BayesianRidge);19.64521228879166;4.202856843493949;0.05653813217018992;6.740962872803689;2.191129368660565;0.42468198865628776;0.9999997646950552;0.48265719390864825;;;;;;3.84867467880249;1.031400056091662;
MCAR;20%;0.2;Insuline 10 UI;Continue;MICE (BayesianRidge);2.4565694086610117;0.2940768437573705;0.24565694086610118;1.6132768474572274;0.22945084116792644;0.16757617820775536;0.04600011973345983;0.21403435991585057;;;;;;3.84867467880249;1.031400056091662;
MCAR;20%;0.2;LDLc;Continue;MICE (BayesianRidge);0.19130889272948792;0.030822474094950078;0.08648684119777936;0.1465938197952878;0.022595170629153248;0.008933865880941414;0.9999999991591517;0.5794843779588807;;;;;;3.84867467880249;1.031400056091662;
MCAR;20%;0.2;Lasilix 40 mg;Continue;MICE (BayesianRidge);0.0001452247635820196;8.06070592603973e-06;;0.00011777406453681253;5.199280192431018e-06;-1.1914698452297753e-05;0.06971191355281676;0.5531847605359784;;;;;;3.84867467880249;1.031400056091662;
MCAR;20%;0.2;Lexomil 6 mg;Continue;MICE (BayesianRidge);0.00014199873788541909;1.3752416643613227e-05;;0.00011266762934370497;1.1555756295749612e-05;5.73596786817478e-06;0.08921945133165346;0.48039730456565904;;;;;;3.84867467880249;1.031400056091662;
MCAR;20%;0.2;Metformine 500 mg;Continue;MICE (BayesianRidge);1137.1395345668755;130.76332768924436;0.5685697672834377;925.1394385199961;122.01135593359989;28.476528488545434;0.23349328670819589;0.46939649923423393;;;;;;3.84867467880249;1.031400056091662;
MCAR;20%;0.2;Non HDL;Continue;MICE (BayesianRidge);0.23306766922856892;0.03588314369192832;0.09630895422668137;0.1790105835144355;0.026746410813051805;0.02603290464283823;0.999991116322604;0.45613205944254176;;;;;;3.84867467880249;1.031400056091662;
MCAR;20%;0.2;PAD;Continue;MICE (BayesianRidge);16.358711465929506;1.2278709951346662;0.1838057468081967;12.592933033082414;0.6908384085269866;0.18288573984797854;0.9543842870862245;0.5428962838600481;;;;;;3.84867467880249;1.031400056091662;
MCAR;20%;0.2;PAS;Continue;MICE (BayesianRidge);27.94651315370025;2.2515558902834902;0.21497317810538652;22.0033097651064;1.9068714579039232;1.6270223681428249;0.9711385952645355;0.4085598166543093;;;;;;3.84867467880249;1.031400056091662;
MCAR;20%;0.2;PCSK9;Continue;MICE (BayesianRidge);48.402416612724515;3.3185057088610006;0.14508547844877553;38.485671920639994;2.655754512187914;4.0117264730257345;0.8597871013692746;0.5227080274031655;;;;;;3.84867467880249;1.031400056091662;
MCAR;20%;0.2;Prot;Continue;MICE (BayesianRidge);15.21857869905692;0.5260867565465737;0.16577972439059824;12.247335638264282;0.2527597770853405;0.870354754818028;0.7900515079243592;0.4747176157909768;;;;;;3.84867467880249;1.031400056091662;
MCAR;20%;0.2;Ratio LDL-c/HDL;Continue;MICE (BayesianRidge);2.2131209779740195;0.4297802389754939;0.024071053503128492;1.1262116600168792;0.26579762516330735;-0.07053224284663955;0.9945477776578828;0.4171231486845234;;;;;;3.84867467880249;1.031400056091662;
MCAR;20%;0.2;Ratio LogTG/HDL;Continue;MICE (BayesianRidge);0.19059836930718085;0.01963525552123194;0.09120778937722618;0.14769071954283208;0.014901614537729004;-0.0047636963997550125;0.998898856672092;0.5631527614345181;;;;;;3.84867467880249;1.031400056091662;
MCAR;20%;0.2;Ratio TG/HDL;Continue;MICE (BayesianRidge);2.8763280846154085;0.3877536779079895;0.06767830787330373;1.8356461147734078;0.23062155595197997;0.07298573848471994;0.6901299164437316;0.43049746144125267;;;;;;3.84867467880249;1.031400056091662;
MCAR;20%;0.2;Ratio Tot-c/HDL;Continue;MICE (BayesianRidge);2.421096870802649;0.5679510659581024;0.024082908796112985;1.2411081121728464;0.3423257820198543;-0.1201761034370804;0.9850800079082468;0.43110665878950816;;;;;;3.84867467880249;1.031400056091662;
MCAR;20%;0.2;TG;Continue;MICE (BayesianRidge);0.38053709601439956;0.04010583400612888;0.1084151270696295;0.2959532501920734;0.029438358241490256;0.014021181347025954;0.9849727508173096;0.48087197097934603;;;;;;3.84867467880249;1.031400056091662;
MCAR;20%;0.2;TT;Continue;MICE (BayesianRidge);18.428869992807172;1.4333570970954894;0.10714459298143704;14.43532294153999;0.8614434521317642;-1.4362721183931557;0.9700337870519032;0.4633628537933925;;;;;;3.84867467880249;1.031400056091662;
MCAR;20%;0.2;Totc;Continue;MICE (BayesianRidge);0.23479827846260504;0.03452865846885252;0.10164427639073811;0.1705540733303657;0.024332311692836044;0.0004280499111736141;0.999350700703973;0.4489622674002557;;;;;;3.84867467880249;1.031400056091662;
MCAR;20%;0.2;lu(mmol/l);Continue;MICE (BayesianRidge);2.23681085238686;0.4734761652063022;0.07414783286331036;0.742645355948242;0.13870945669699164;0.025359293371171505;0.9999999991592148;0.581492050683724;;;;;;3.84867467880249;1.031400056091662;
MCAR;20%;0.2;HTA;Binaire;MICE (BayesianRidge);;;;;;;;;0.7362381481040441;0.7291479807311102;0.4066923668733476;0.4156747364056675;1.457895363140903e-52;3.84867467880249;1.031400056091662;0.03054199392509969
MCAR;20%;0.2;HTS/HTD;Ordinale;MICE (BayesianRidge);;;;;;;;;0.47837153463947163;0.42457568782377775;0.17363220677682828;0.18780283893861816;2.2516336862274503e-101;3.84867467880249;1.031400056091662;0.028230381772054926
MCAR;20%;0.2;Profil_glycemique;Ordinale;MICE (BayesianRidge);;;;;;;;;0.42723060949328173;0.36005527720019775;0.11699902849152415;0.13420646137685477;1.2512542138256394e-95;3.84867467880249;1.031400056091662;0.04065128231743107
MCAR;20%;0.2;Sexe;Binaire;MICE (BayesianRidge);;;;;;;;;0.5358055143895217;0.5412027180573007;0.05304555280437044;0.05810936748837244;1.8641686138302491e-41;3.84867467880249;1.031400056091662;0.06310442733749463
MCAR;20%;0.2;Adipo HMW;Continue;MissForest;4.726256587489662;1.2784448427831994;0.097186602736299;2.047118543578383;0.24305280711767124;0.8559804548500674;0.17446556888566805;0.003907557687221863;;;;;;113.05493092536926;0.9216813799288499;
MCAR;20%;0.2;Age;Continue;MissForest;11.765228399585363;0.928195078724595;0.21787459999232156;9.487814340317671;1.0793176992780544;0.06897520599239305;0.5558914681388198;0.7378505229613757;;;;;;113.05493092536926;0.9216813799288499;
MCAR;20%;0.2;Glibenclamide 5mg;Continue;MissForest;4.705529710374251;0.40754497560127473;0.23527648551871255;3.3116490389883966;0.33181812815589956;0.20778802752245432;0.046847171124196965;0.21439329632237678;;;;;;113.05493092536926;0.9216813799288499;
MCAR;20%;0.2;Glu;Continue;MissForest;0.3060180919912463;0.03657515000077795;0.056356923018645734;0.10128634761149306;0.021572551781317863;-0.03588984767864483;0.9999999983185557;0.5896588384098667;;;;;;113.05493092536926;0.9216813799288499;
MCAR;20%;0.2;HDL;Continue;MissForest;0.09226578610026036;0.027356960906010613;0.06452152874144082;0.05753728197313671;0.008620008338554554;-0.007113561052470532;0.9999011534543399;0.4529194461024829;;;;;;113.05493092536926;0.9216813799288499;
MCAR;20%;0.2;HOMA-IR;Continue;MissForest;3.205336851364502;2.2802426054032625;0.032063834236353395;0.6932395905778572;0.5136261459164966;0.37445237758324296;0.9994495455679997;0.2578920850909639;;;;;;113.05493092536926;0.9216813799288499;
MCAR;20%;0.2;HOMAB%;Continue;MissForest;29.390365354171905;4.073967329649648;0.0858112857056114;18.361423298444976;1.844983357894578;4.574349963812956;0.6921186564185785;0.19537079233402782;;;;;;113.05493092536926;0.9216813799288499;
MCAR;20%;0.2;HOMAS%;Continue;MissForest;211.83270471048195;163.20876362313587;0.06916534584206158;46.33523965814936;23.50064342160459;-25.12697457150174;0.9999992932445698;0.32557498108955596;;;;;;113.05493092536926;0.9216813799288499;
MCAR;20%;0.2;IMC;Continue;MissForest;3.578974726405787;0.14618475124440625;0.08970333579019414;2.6115167878180934;0.16776124096701772;0.3355390789144982;0.9926082165597124;0.4868627908363182;;;;;;113.05493092536926;0.9216813799288499;
MCAR;20%;0.2;Ins (µUI/mL);Continue;MissForest;2.379164943686985;1.057981127831364;0.04108284707646624;0.8641277107767756;0.37822246760385714;0.23646727485399044;0.9999911154818818;0.4645477130114773;;;;;;113.05493092536926;0.9216813799288499;
MCAR;20%;0.2;Insu pmol/L;Continue;MissForest;16.646967987345285;7.951925631396914;0.04790930545649699;5.8982313050012625;3.10237797690395;-0.46967700706411025;0.9999911163225409;0.33396755104272724;;;;;;113.05493092536926;0.9216813799288499;
MCAR;20%;0.2;Insuline 10 UI;Continue;MissForest;1.9715888860175022;0.3448637720998503;0.1971588886017502;0.6455164805123799;0.13933991411011665;-0.03704185037450815;0.7238223954449375;0.017244345110007702;;;;;;113.05493092536926;0.9216813799288499;
MCAR;20%;0.2;LDLc;Continue;MissForest;0.14050636302285685;0.02200392212884445;0.06352005561611974;0.08925788287578398;0.009613183318637883;-0.010357150922623511;0.9999009189903065;0.6083669557447555;;;;;;113.05493092536926;0.9216813799288499;
MCAR;20%;0.2;Lasilix 40 mg;Continue;MissForest;0.0;0.0;;0.0;0.0;0.0;1.0;1.0;;;;;;113.05493092536926;0.9216813799288499;
MCAR;20%;0.2;Lexomil 6 mg;Continue;MissForest;0.0;0.0;;0.0;0.0;0.0;1.0;1.0;;;;;;113.05493092536926;0.9216813799288499;
MCAR;20%;0.2;Metformine 500 mg;Continue;MissForest;560.3928082715059;85.899199689094;0.280196404135753;346.78206011648473;48.88662368435439;-49.634163847046594;0.022311364904255608;0.10502757861017817;;;;;;113.05493092536926;0.9216813799288499;
MCAR;20%;0.2;Non HDL;Continue;MissForest;0.1684540492489114;0.0419488935126366;0.06960911125988076;0.11126367342359678;0.025660670805596995;-0.02656532971304888;0.9824270591565819;0.2751001801285268;;;;;;113.05493092536926;0.9216813799288499;
MCAR;20%;0.2;PAD;Continue;MissForest;9.889718012773162;1.9053418056376445;0.11112042710981082;7.079893481941516;1.079402259474354;-0.7660532536107606;0.6857766918447168;0.42793315280730715;;;;;;113.05493092536926;0.9216813799288499;
MCAR;20%;0.2;PAS;Continue;MissForest;15.171063310811059;2.0569022581900165;0.11670048700623892;10.97285317367729;1.0100144373919984;2.0473293980980114;0.9162690110090148;0.30395602933445415;;;;;;113.05493092536926;0.9216813799288499;
MCAR;20%;0.2;PCSK9;Continue;MissForest;34.96469237137556;7.261980870716985;0.10480611251508605;25.142480695221174;2.962908295028652;5.487853679299656;0.36400509059641256;0.11895334122047048;;;;;;113.05493092536926;0.9216813799288499;
MCAR;20%;0.2;Prot;Continue;MissForest;10.865792601238237;1.2475492088266305;0.11836375382612456;7.4474312773012645;0.5395033711661872;0.013149927145310514;0.7413402704026442;0.4051256717349461;;;;;;113.05493092536926;0.9216813799288499;
MCAR;20%;0.2;Ratio LDL-c/HDL;Continue;MissForest;5.6433922605343545;3.582277474374385;0.06138046604520433;1.125598572714191;0.5190863227501785;-0.5647426094748409;0.9999997638543331;0.5300813510581651;;;;;;113.05493092536926;0.9216813799288499;
MCAR;20%;0.2;Ratio LogTG/HDL;Continue;MissForest;0.09593924584051149;0.028729105224984036;0.04591018569276721;0.039097202601160154;0.013334762303872648;0.006038826085287167;0.9999997646951183;0.3197842610231255;;;;;;113.05493092536926;0.9216813799288499;
MCAR;20%;0.2;Ratio TG/HDL;Continue;MissForest;2.0544633194274864;0.5051171093084013;0.0483403133982938;0.5455446535486337;0.21508858971533165;-0.2373456139317053;0.9999999991592148;0.45719693792663546;;;;;;113.05493092536926;0.9216813799288499;
MCAR;20%;0.2;Ratio Tot-c/HDL;Continue;MissForest;1.4819981624629124;0.7783415833237682;0.014741593784625816;0.5600396477211531;0.17817799828149752;0.10721018832661475;0.9999999974778335;0.20475737189861234;;;;;;113.05493092536926;0.9216813799288499;
MCAR;20%;0.2;TG;Continue;MissForest;0.26494755993521774;0.05082527964531565;0.07548363530917884;0.1646023656694218;0.026643999336038362;-0.002144569913986484;0.9463583018346181;0.43959284363582973;;;;;;113.05493092536926;0.9216813799288499;
MCAR;20%;0.2;TT;Continue;MissForest;9.865028488645066;2.6023910374699377;0.05735481679444806;6.902997194979555;0.9475161089436509;0.12571648310866576;0.9169471164152009;0.42491735769470385;;;;;;113.05493092536926;0.9216813799288499;
MCAR;20%;0.2;Totc;Continue;MissForest;0.16709179473311322;0.012908598954916348;0.072334110274075;0.10980273531257545;0.010492889525646552;0.007655119072427311;0.9999999983183667;0.40159052232982806;;;;;;113.05493092536926;0.9216813799288499;
MCAR;20%;0.2;lu(mmol/l);Continue;MissForest;1.7052289548527468;0.38018492176871976;0.05652647446840581;0.5754549720943867;0.1535914590784403;-0.1978007254947093;0.9999913507867635;0.4129006056132739;;;;;;113.05493092536926;0.9216813799288499;
MCAR;20%;0.2;HTA;Binaire;MissForest;;;;;;;;;0.9359475437385557;0.9370367537352957;0.847208930486295;0.8513653018829803;7.810140900658084e-64;113.05493092536926;0.9216813799288499;0.031222754784553657
MCAR;20%;0.2;HTS/HTD;Ordinale;MissForest;;;;;;;;;0.7084519868338084;0.6634438077721184;0.5056851569879217;0.540244350826535;1.409491746931088e-143;113.05493092536926;0.9216813799288499;0.01012906835985516
MCAR;20%;0.2;Profil_glycemique;Ordinale;MissForest;;;;;;;;;0.9753695328017711;0.9749321336129231;0.9560670151128899;0.9574953603746879;1.9204479084223357e-184;113.05493092536926;0.9216813799288499;0.02071650556233116
MCAR;20%;0.2;Sexe;Binaire;MissForest;;;;;;;;;0.6182668226886324;0.6444385458008416;0.22035666270696633;0.23183786192188297;2.4984030680494906e-43;113.05493092536926;0.9216813799288499;0.11684586795135309
MCAR;40%;0.4;Adipo HMW;Continue;Mediane/Mode;4.307571734786622;1.2047078097359625;0.08857713397426362;1.3998591740689694;0.1866262842670584;-1.1184475804345049;3.339491281519713e-06;0.0029721650556917036;;;;;;0.016219472885131835;0.6202145419607441;
MCAR;40%;0.4;Age;Continue;Mediane/Mode;11.30737727526452;0.38004325461074545;0.20939587546786148;9.208422610727386;0.4029370905031695;0.20261115597619864;4.338183395345287e-06;0.35289740091093497;;;;;;0.016219472885131835;0.6202145419607441;
MCAR;40%;0.4;Glibenclamide 5mg;Continue;Mediane/Mode;5.876723887129242;0.31942108511377443;0.2938361943564621;3.1613737326365436;0.31147343729530363;-3.1613737326365436;0.02161778122271762;2.7301172380641066e-07;;;;;;0.016219472885131835;0.6202145419607441;
MCAR;40%;0.4;Glu;Continue;Mediane/Mode;0.9693726164630178;0.08043164047095591;0.17852166049042686;0.6259558816073066;0.058321253541186675;-0.3201544038211933;6.664129032839441e-06;0.07035556703131114;;;;;;0.016219472885131835;0.6202145419607441;
MCAR;40%;0.4;HDL;Continue;Mediane/Mode;0.2535423527579489;0.010380561446391722;0.17730234458597827;0.19852945641524097;0.01243971447603053;-0.0033636506801623988;2.7415454192084815e-06;0.679092850579759;;;;;;0.016219472885131835;0.6202145419607441;
MCAR;40%;0.4;HOMA-IR;Continue;Mediane/Mode;10.977072533982724;1.6668509630663215;0.10980656650180728;1.851346401583039;0.38508804170771144;-1.5791835841672979;8.586666235733996e-06;0.3335671454929706;;;;;;0.016219472885131835;0.6202145419607441;
MCAR;40%;0.4;HOMAB%;Continue;Mediane/Mode;49.42905770176936;10.126939548641069;0.14431841664750178;30.58283627482536;4.106132414766432;-12.231082667250794;3.176810556698353e-07;0.09284040425443481;;;;;;0.016219472885131835;0.6202145419607441;
MCAR;40%;0.4;HOMAS%;Continue;Mediane/Mode;399.20442387328984;122.44885604562329;0.13034395268008286;130.84108656610368;23.970526445946373;-79.56912529429594;2.058652780558006e-06;0.292536860818447;;;;;;0.016219472885131835;0.6202145419607441;
MCAR;40%;0.4;IMC;Continue;Mediane/Mode;5.657251598040256;0.5943754652215733;0.14179321692451638;4.234792639033583;0.27915000414498786;-0.548879500065481;3.304492585370564e-06;0.27922118603684093;;;;;;0.016219472885131835;0.6202145419607441;
MCAR;40%;0.4;Ins (µUI/mL);Continue;Mediane/Mode;5.298311850314461;0.45053360101854384;0.0914899726004603;3.3902448943083114;0.2531994708573237;-1.6068811259977231;1.904723746754539e-06;0.10529522249330339;;;;;;0.016219472885131835;0.6202145419607441;
MCAR;40%;0.4;Insu pmol/L;Continue;Mediane/Mode;42.11037051180975;9.169443396981274;0.12119195551227147;22.14122159158749;2.8802813334221757;-11.862366378708368;9.983101309201424e-07;0.068839899434589;;;;;;0.016219472885131835;0.6202145419607441;
MCAR;40%;0.4;Insuline 10 UI;Continue;Mediane/Mode;1.8674418759134046;0.28284862778624986;0.18674418759134043;0.3551341836907426;0.10748778084282624;-0.3551341836907426;0.9999999991592148;0.4555889198366905;;;;;;0.016219472885131835;0.6202145419607441;
MCAR;40%;0.4;LDLc;Continue;Mediane/Mode;0.4398165796045438;0.022450912193829522;0.19883208842881733;0.35778895797455557;0.019538243950705574;-0.009668044293911104;3.2915460239726576e-06;0.7568065528961323;;;;;;0.016219472885131835;0.6202145419607441;
MCAR;40%;0.4;Lasilix 40 mg;Continue;Mediane/Mode;0.0;0.0;;0.0;0.0;0.0;1.0;1.0;;;;;;0.016219472885131835;0.6202145419607441;
MCAR;40%;0.4;Lexomil 6 mg;Continue;Mediane/Mode;0.0;0.0;;0.0;0.0;0.0;1.0;1.0;;;;;;0.016219472885131835;0.6202145419607441;
MCAR;40%;0.4;Metformine 500 mg;Continue;Mediane/Mode;1073.140428532924;47.043241154914455;0.5365702142664621;624.0330236771107;48.59735900984387;624.0330236771107;0.0067666519971934045;4.052133367761499e-08;;;;;;0.016219472885131835;0.6202145419607441;
MCAR;40%;0.4;Non HDL;Continue;Mediane/Mode;0.44113976137879973;0.02111586898951242;0.18228915759454534;0.34950164267703554;0.02268612702374075;-0.04871818886098186;1.0526503224751412e-05;0.45139130082315837;;;;;;0.016219472885131835;0.6202145419607441;
MCAR;40%;0.4;PAD;Continue;Mediane/Mode;12.571289318206812;0.5718068032623476;0.14125044177760462;10.21031578328792;0.12778414102488664;-0.9481408649829703;3.75436067198161e-05;0.3562698511159787;;;;;;0.016219472885131835;0.6202145419607441;
MCAR;40%;0.4;PAS;Continue;Mediane/Mode;22.139794627909943;1.646215082811297;0.17030611252238415;17.907343463148187;1.6155596257769669;0.6503139675108179;5.6923698196444335e-05;0.5669524318525205;;;;;;0.016219472885131835;0.6202145419607441;
MCAR;40%;0.4;PCSK9;Continue;Mediane/Mode;36.07664070861423;5.853713069702491;0.10813916007362842;24.064780408611295;1.7380864114949988;-6.675920345021429;4.070073975809281e-06;0.14628268472814698;;;;;;0.016219472885131835;0.6202145419607441;
MCAR;40%;0.4;Prot;Continue;Mediane/Mode;12.056238098882044;0.367468759306908;0.13133156970459742;8.039618300297501;0.2808730488356757;-1.248253030961386;5.957485849574357e-07;0.4443599516340949;;;;;;0.016219472885131835;0.6202145419607441;
MCAR;40%;0.4;Ratio LDL-c/HDL;Continue;Mediane/Mode;5.252213685995233;2.1879069490892755;0.05712580464588553;2.1502682369994366;0.3336523327899133;-1.4123633605997061;6.725444078973583e-07;0.2257244194564647;;;;;;0.016219472885131835;0.6202145419607441;
MCAR;40%;0.4;Ratio LogTG/HDL;Continue;Mediane/Mode;0.30951212622733015;0.03377990657590355;0.14811205846752332;0.20661027587434036;0.017564984156872413;-0.05994892096216008;3.838649827281369e-06;0.2832699193706173;;;;;;0.016219472885131835;0.6202145419607441;
MCAR;40%;0.4;Ratio TG/HDL;Continue;Mediane/Mode;3.5081335130358653;0.7067732142394123;0.08254431795378507;1.4486797458531409;0.18799266053500432;-0.9240209486286763;1.4426045156502953e-06;0.19055900885637925;;;;;;0.016219472885131835;0.6202145419607441;
MCAR;40%;0.4;Ratio Tot-c/HDL;Continue;Mediane/Mode;8.83212440015598;2.852579905717668;0.08785408339913493;3.041664422782396;0.6927870563798538;-2.27705566316005;1.7467651642544264e-05;0.06417701076721763;;;;;;0.016219472885131835;0.6202145419607441;
MCAR;40%;0.4;TG;Continue;Mediane/Mode;0.42020557287761606;0.032861861627320965;0.11971668742952024;0.29809391486685527;0.015829961883458813;-0.06258941350487361;2.354283254472182e-06;0.21831161035536817;;;;;;0.016219472885131835;0.6202145419607441;
MCAR;40%;0.4;TT;Continue;Mediane/Mode;15.575323539877235;1.5781422520245643;0.09055420662719323;11.254206185709233;0.4757198936144889;0.05601283371378265;3.809564756212659e-06;0.26598839980470323;;;;;;0.016219472885131835;0.6202145419607441;
MCAR;40%;0.4;Totc;Continue;Mediane/Mode;0.42466867755930504;0.025415210809373905;0.18383925435467754;0.34254966749894816;0.019988869395899014;-0.029848511628906827;3.1620069435337102e-06;0.49852394001775757;;;;;;0.016219472885131835;0.6202145419607441;
MCAR;40%;0.4;lu(mmol/l);Continue;Mediane/Mode;4.973365908664787;0.34169902837924376;0.16486163940516502;3.322828777044869;0.20857450437694056;-1.3272034239403527;9.39882137051333e-06;0.24656538344707943;;;;;;0.016219472885131835;0.6202145419607441;
MCAR;40%;0.4;HTA;Binaire;Mediane/Mode;;;;;;;;;0.5360574130470177;0.6682011709816253;0.0;0.0;3.8111189471234225e-32;0.016219472885131835;0.6202145419607441;0.06056851749253769
MCAR;40%;0.4;HTS/HTD;Ordinale;Mediane/Mode;;;;;;;;;0.3241113466814983;0.4914824764891012;0.0;0.0;7.020880284304902e-83;0.016219472885131835;0.6202145419607441;0.022318128151117306
MCAR;40%;0.4;Profil_glycemique;Ordinale;Mediane/Mode;;;;;;;;;0.46363687145708654;0.610691955622915;0.0;0.0;8.478289798961717e-91;0.016219472885131835;0.6202145419607441;0.048020402359929625
MCAR;40%;0.4;Sexe;Binaire;Mediane/Mode;;;;;;;;;0.4743500885603032;0.6192809784022899;0.0;0.0;2.3796396519609584e-31;0.016219472885131835;0.6202145419607441;0.05334886172983592
MCAR;40%;0.4;Adipo HMW;Continue;KNN (k=5);5.021019383992798;0.754223018973715;0.10324784682554695;2.251998352620373;0.18414113914679553;0.26281045558073496;0.1548790871879644;0.20994551794748184;;;;;;0.159124755859375;0.6720674346181974;
MCAR;40%;0.4;Age;Continue;KNN (k=5);12.479837291869192;0.5385108397163734;0.23110809799757762;10.180557410520986;0.49983255935796406;1.5091465025924606;0.09475362652023075;0.33332508500097974;;;;;;0.159124755859375;0.6720674346181974;
MCAR;40%;0.4;Glibenclamide 5mg;Continue;KNN (k=5);5.506314309464976;0.27724282391974636;0.2753157154732488;4.49298286188337;0.3094450541148002;0.5945807370818308;1.8409832959320237e-06;0.09260590189060962;;;;;;0.159124755859375;0.6720674346181974;
MCAR;40%;0.4;Glu;Continue;KNN (k=5);0.8870653402732342;0.07571400220484682;0.16336378273908553;0.6104351568978553;0.06593245793356703;-0.10386892273038499;0.058725967059915896;0.3359773053704572;;;;;;0.159124755859375;0.6720674346181974;
MCAR;40%;0.4;HDL;Continue;KNN (k=5);0.2342733495117688;0.00633209482455332;0.16382751714109708;0.18376881542854206;0.006358776177528142;0.011286138020091005;0.1610852125360028;0.2985619456862566;;;;;;0.159124755859375;0.6720674346181974;
MCAR;40%;0.4;HOMA-IR;Continue;KNN (k=5);11.054621117632841;1.4320588928038243;0.11058230554164106;2.142492263216386;0.17242779932753502;-1.1139686125761372;0.13937013949645796;0.5556920744898118;;;;;;0.159124755859375;0.6720674346181974;
MCAR;40%;0.4;HOMAB%;Continue;KNN (k=5);52.68327263458792;4.316379761990512;0.15381977411558517;36.012455151187325;2.007799534523247;3.6529489150454184;0.0037597755759814647;0.20937313145303144;;;;;;0.159124755859375;0.6720674346181974;
MCAR;40%;0.4;HOMAS%;Continue;KNN (k=5);448.1605127905377;47.38948440980499;0.14632857047394054;191.633498519579;46.53967989328224;16.41428341766585;0.076172205418856;0.024063958906272574;;;;;;0.159124755859375;0.6720674346181974;
MCAR;40%;0.4;IMC;Continue;KNN (k=5);5.652558464684132;0.5305288166612229;0.14167558834383756;4.203845130076517;0.18910425710642417;-0.4231502166273481;0.09968885026595081;0.3515992679841152;;;;;;0.159124755859375;0.6720674346181974;
MCAR;40%;0.4;Ins (µUI/mL);Continue;KNN (k=5);5.305412409766406;0.43633541051178876;0.09161258335046132;3.640572955092111;0.26114370853726554;-0.5011236910991421;0.263369843235538;0.26305192457169485;;;;;;0.159124755859375;0.6720674346181974;
MCAR;40%;0.4;Insu pmol/L;Continue;KNN (k=5);40.64652959762674;7.476496113482221;0.11697908013757115;23.566782771043368;2.2955522443473138;-3.612681404245643;0.06088744907477138;0.21025688526492906;;;;;;0.159124755859375;0.6720674346181974;
MCAR;40%;0.4;Insuline 10 UI;Continue;KNN (k=5);1.8667017729331739;0.19859004569009933;0.1866701772933174;0.4389019035740766;0.044027898247742586;-0.24447215588494897;0.9899726576769972;0.38639286686651386;;;;;;0.159124755859375;0.6720674346181974;
MCAR;40%;0.4;LDLc;Continue;KNN (k=5);0.45132194011382215;0.025271868131424874;0.20403342681456701;0.36565537040393287;0.017636111030928155;0.017864982595346128;0.1806782210092933;0.6570217924539357;;;;;;0.159124755859375;0.6720674346181974;
MCAR;40%;0.4;Lasilix 40 mg;Continue;KNN (k=5);0.0;0.0;;0.0;0.0;0.0;1.0;1.0;;;;;;0.159124755859375;0.6720674346181974;
MCAR;40%;0.4;Lexomil 6 mg;Continue;KNN (k=5);0.0;0.0;;0.0;0.0;0.0;1.0;1.0;;;;;;0.159124755859375;0.6720674346181974;
MCAR;40%;0.4;Metformine 500 mg;Continue;KNN (k=5);881.3319229136908;44.874915635540695;0.44066596145684545;705.7313815325986;41.941711620991605;105.97601411120918;2.464454976087336e-05;0.3172223069632603;;;;;;0.159124755859375;0.6720674346181974;
MCAR;40%;0.4;Non HDL;Continue;KNN (k=5);0.46449527387592343;0.011402224266756111;0.1919401958164973;0.3744464970862097;0.015613783738799876;0.01508681407501344;0.08203882449135047;0.29122487134665775;;;;;;0.159124755859375;0.6720674346181974;
MCAR;40%;0.4;PAD;Continue;KNN (k=5);12.891784362242822;0.6894759092266559;0.1448515096881216;10.34200079349615;0.43886136920883206;-0.6480922596495354;0.006929200535109812;0.2891343283018354;;;;;;0.159124755859375;0.6720674346181974;
MCAR;40%;0.4;PAS;Continue;KNN (k=5);22.524125769105886;0.9058803998121978;0.17326250591619913;18.08926409590693;1.0098619170302925;1.54855748882741;0.033923593531636397;0.3928965236012235;;;;;;0.159124755859375;0.6720674346181974;
MCAR;40%;0.4;PCSK9;Continue;KNN (k=5);38.13258051674467;5.590587881142972;0.11430180713960306;26.846116208316253;2.469508683277555;-0.08522151046911963;0.15593216920408084;0.3719572355017297;;;;;;0.159124755859375;0.6720674346181974;
MCAR;40%;0.4;Prot;Continue;KNN (k=5);12.43321754165585;1.0707302887412455;0.1354380995823077;8.98473643439602;0.931240513337576;0.2525551305371815;0.10785785535988332;0.24676350524307936;;;;;;0.159124755859375;0.6720674346181974;
MCAR;40%;0.4;Ratio LDL-c/HDL;Continue;KNN (k=5);4.759996274893346;2.2210047018071424;0.05177219236904958;2.0583846746813426;0.2966323016279856;-0.7880119105297718;0.21020943730511302;0.7343004633722074;;;;;;0.159124755859375;0.6720674346181974;
MCAR;40%;0.4;Ratio LogTG/HDL;Continue;KNN (k=5);0.29006181686575055;0.028709171226301775;0.13880442521745223;0.20347199215254136;0.020670902458523443;-0.0476937063880765;0.4739743373835328;0.4308830673940623;;;;;;0.159124755859375;0.6720674346181974;
MCAR;40%;0.4;Ratio TG/HDL;Continue;KNN (k=5);3.379172901701973;0.5047587763603734;0.07950995062828173;1.666874347089776;0.2285156715023275;-0.13440527855962464;0.15212842604647264;0.15293400375711239;;;;;;0.159124755859375;0.6720674346181974;
MCAR;40%;0.4;Ratio Tot-c/HDL;Continue;KNN (k=5);8.07739793037214;2.9987395430389854;0.08034673870879597;2.9385178867332864;0.6841802217476932;-1.3433334679427393;0.1642706217671432;0.7220010697326871;;;;;;0.159124755859375;0.6720674346181974;
MCAR;40%;0.4;TG;Continue;KNN (k=5);0.43678847320539127;0.03196620997333934;0.12444116045737644;0.3205580018123732;0.01807318613362862;0.004730959956665615;0.16505502851366036;0.28976081386074337;;;;;;0.159124755859375;0.6720674346181974;
MCAR;40%;0.4;TT;Continue;KNN (k=5);16.159983873896394;0.8475887520754846;0.09395339461567671;11.595034811294031;0.34804175333888693;-2.1355330132278403;0.062789941526842;0.2886216469719699;;;;;;0.159124755859375;0.6720674346181974;
MCAR;40%;0.4;Totc;Continue;KNN (k=5);0.4592736980017504;0.01875062303009274;0.19881978268474046;0.366224328760392;0.01860140673865431;-0.020300783219240136;0.11343588303187783;0.6051562518654557;;;;;;0.159124755859375;0.6720674346181974;
MCAR;40%;0.4;lu(mmol/l);Continue;KNN (k=5);4.97261113854385;0.19495582950156745;0.1648366196013145;3.7360765781849494;0.13073761800717545;0.4926619971551391;0.008278602293921184;0.17229354429076893;;;;;;0.159124755859375;0.6720674346181974;
MCAR;40%;0.4;HTA;Binaire;KNN (k=5);;;;;;;;;0.6890231515789379;0.6966807682626543;0.30479015864689674;0.324429556360365;2.4205169384902538e-32;0.159124755859375;0.6720674346181974;0.01603722752840975
MCAR;40%;0.4;HTS/HTD;Ordinale;KNN (k=5);;;;;;;;;0.30753686223776483;0.2729684047376664;0.09819265816783829;0.139520846015481;1.0941131617243822e-68;0.159124755859375;0.6720674346181974;0.06154795258905235
MCAR;40%;0.4;Profil_glycemique;Ordinale;KNN (k=5);;;;;;;;;0.1785831703371705;0.1715920076857182;0.029343153733848614;0.046603909695663796;2.717030325185136e-51;0.159124755859375;0.6720674346181974;0.0857038238859264
MCAR;40%;0.4;Sexe;Binaire;KNN (k=5);;;;;;;;;0.5349641647986203;0.5806683840749415;0.008589317136865282;0.015463481641408549;2.0016747236856648e-27;0.159124755859375;0.6720674346181974;0.03285268568878044
MCAR;40%;0.4;Adipo HMW;Continue;MICE (BayesianRidge);6.880020713144607;0.6002529229566754;0.1414747226453575;5.001326884838121;0.16262716601009752;0.21090060475289257;0.004247272936055476;0.23514545515995086;;;;;;4.112872362136841;1.1213345305065605;
MCAR;40%;0.4;Age;Continue;MICE (BayesianRidge);16.20161010760632;0.7770991380420682;0.30002981680752444;13.146657923076441;0.7040883355163402;1.6238478397667446;0.7296802096528323;0.3085192073280075;;;;;;4.112872362136841;1.1213345305065605;
MCAR;40%;0.4;Glibenclamide 5mg;Continue;MICE (BayesianRidge);6.866821387308955;0.25566439127155777;0.34334106936544784;5.4439889645546895;0.15131198852340347;0.23282200698506705;0.0015335266318189547;0.4482197149649002;;;;;;4.112872362136841;1.1213345305065605;
MCAR;40%;0.4;Glu;Continue;MICE (BayesianRidge);0.8880383494252758;0.04838057332275427;0.16354297411146884;0.6183904481911596;0.05024317427806407;-0.06423418513489035;0.4436950784258767;0.48330285722753413;;;;;;4.112872362136841;1.1213345305065605;
MCAR;40%;0.4;HDL;Continue;MICE (BayesianRidge);0.35925179442838695;0.011536943543295607;0.25122503106880206;0.2772109226540961;0.013834152231429328;-0.008167787175710452;0.7593994698233522;0.5751662759270141;;;;;;4.112872362136841;1.1213345305065605;
MCAR;40%;0.4;HOMA-IR;Continue;MICE (BayesianRidge);15.008284228263994;1.1619386253144355;0.15013184572544333;9.946859890237494;1.5396503459692548;0.14833608076113242;0.00019969134636752765;0.43118525680781705;;;;;;4.112872362136841;1.1213345305065605;
MCAR;40%;0.4;HOMAB%;Continue;MICE (BayesianRidge);76.22660853699806;2.9502522560865154;0.22255944098393593;58.62965082502704;4.328285929779869;5.86085143237669;0.04878575400317743;0.3256200460745973;;;;;;4.112872362136841;1.1213345305065605;
MCAR;40%;0.4;HOMAS%;Continue;MICE (BayesianRidge);564.0590341319528;28.7120861215628;0.1841705142952143;399.4784182378386;35.62894464857847;14.048904465532573;0.0031698988848329777;0.32818981371034406;;;;;;4.112872362136841;1.1213345305065605;
MCAR;40%;0.4;IMC;Continue;MICE (BayesianRidge);7.967585507933608;0.30635627469828336;0.1996993700408203;6.206084299731815;0.4791153274561097;-0.47636080954480214;0.7321438710730834;0.5486701302702318;;;;;;4.112872362136841;1.1213345305065605;
MCAR;40%;0.4;Ins (µUI/mL);Continue;MICE (BayesianRidge);5.926910754382989;0.7601742261344552;0.10234446703843787;3.9997760088555707;0.47280115761191127;0.27852976904411625;0.5859084187487568;0.6102300897953354;;;;;;4.112872362136841;1.1213345305065605;
MCAR;40%;0.4;Insu pmol/L;Continue;MICE (BayesianRidge);34.82475310402306;2.0290029559728664;0.10022424114565738;23.66140331244045;1.5650999903139948;-0.9434008180177071;0.5461382466102439;0.49415203472735636;;;;;;4.112872362136841;1.1213345305065605;
MCAR;40%;0.4;Insuline 10 UI;Continue;MICE (BayesianRidge);2.278006508689684;0.19911386696600777;0.22780065086896836;1.4617476468784525;0.10641674261238071;-0.1287904306306387;4.345881127185743e-06;0.3063445555065271;;;;;;4.112872362136841;1.1213345305065605;
MCAR;40%;0.4;LDLc;Continue;MICE (BayesianRidge);0.4676456428928499;0.04613442632720765;0.21141303928248187;0.35991696107739435;0.0429771339556461;0.010756582126150736;0.8978291341798845;0.2623141351928666;;;;;;4.112872362136841;1.1213345305065605;
MCAR;40%;0.4;Lasilix 40 mg;Continue;MICE (BayesianRidge);0.00018472475522091238;2.1052643580241994e-05;;0.00014917575321023413;1.7783430791941184e-05;7.573675366594948e-06;1.2366822408639853e-05;0.4849852104035044;;;;;;4.112872362136841;1.1213345305065605;
MCAR;40%;0.4;Lexomil 6 mg;Continue;MICE (BayesianRidge);0.00019170037308933238;1.0109483484443911e-05;;0.0001519081973147792;6.872509898204665e-06;3.6505145950855085e-06;2.406600357849688e-06;0.5891969008883444;;;;;;4.112872362136841;1.1213345305065605;
MCAR;40%;0.4;Metformine 500 mg;Continue;MICE (BayesianRidge);1262.4365637909898;63.60282135629685;0.6312182818954948;1007.1071809485347;82.87456451001474;73.81686868264359;0.00611394689373688;0.5049864775735314;;;;;;4.112872362136841;1.1213345305065605;
MCAR;40%;0.4;Non HDL;Continue;MICE (BayesianRidge);0.4908934866603668;0.04278353963056289;0.20284854820676318;0.38780531667249835;0.03772292043356465;-0.02045145198017987;0.8455720467724316;0.5937980541559505;;;;;;4.112872362136841;1.1213345305065605;
MCAR;40%;0.4;PAD;Continue;MICE (BayesianRidge);17.742969128127125;1.3357176511001916;0.19935920368682164;14.280464251890137;1.2297526775777792;1.071142849863819;0.35958619405123876;0.24762035269856372;;;;;;4.112872362136841;1.1213345305065605;
MCAR;40%;0.4;PAS;Continue;MICE (BayesianRidge);33.148123875977795;2.010686590474678;0.25498556827675223;26.314652115363778;2.0798321573680267;2.0386253292283185;0.5126396419496075;0.505656505163086;;;;;;4.112872362136841;1.1213345305065605;
MCAR;40%;0.4;PCSK9;Continue;MICE (BayesianRidge);50.2654416083586;2.318607517820516;0.15066986641469665;37.92024379397164;2.658978501783263;-1.932493742181121;0.5805695618379647;0.4485104398186371;;;;;;4.112872362136841;1.1213345305065605;
MCAR;40%;0.4;Prot;Continue;MICE (BayesianRidge);16.57488798920149;0.6663514572612731;0.18055433539435167;12.61003331598576;0.7719350870756049;1.6144728240937198;0.2525372421260093;0.216373683785842;;;;;;4.112872362136841;1.1213345305065605;
MCAR;40%;0.4;Ratio LDL-c/HDL;Continue;MICE (BayesianRidge);5.619068403449741;1.3941976829239258;0.0611159071389749;4.168114791158397;1.469425436879561;0.5657740937959053;0.04697232507083042;0.38500804371642594;;;;;;4.112872362136841;1.1213345305065605;
MCAR;40%;0.4;Ratio LogTG/HDL;Continue;MICE (BayesianRidge);0.3827443054577861;0.0371490860297075;0.18315614201958055;0.30876175905316605;0.0287723434557418;-0.02124930530326758;0.6147754732437238;0.60668490950587;;;;;;4.112872362136841;1.1213345305065605;
MCAR;40%;0.4;Ratio TG/HDL;Continue;MICE (BayesianRidge);4.979282461984949;0.3621529891435555;0.11715958734082235;3.7552356661942716;0.33922072909512746;0.1693561872615938;0.003256165494597935;0.3777899650151668;;;;;;4.112872362136841;1.1213345305065605;
MCAR;40%;0.4;Ratio Tot-c/HDL;Continue;MICE (BayesianRidge);5.803786027671419;1.1725997660422138;0.05773087862041141;3.6341615711445088;0.3687766769004792;-0.5024078755225365;0.12443623597663689;0.5179069992901019;;;;;;4.112872362136841;1.1213345305065605;
MCAR;40%;0.4;TG;Continue;MICE (BayesianRidge);0.6212444961153776;0.035011026012563305;0.17699273393600504;0.4774505649924314;0.03240297901405929;0.020335104905864244;0.6053824441895912;0.35254542132376976;;;;;;4.112872362136841;1.1213345305065605;
MCAR;40%;0.4;TT;Continue;MICE (BayesianRidge);20.445804940707415;0.8578652330603029;0.11887095895760127;15.318387387588038;1.0653784004273434;-0.6141579621976474;0.7647115930668305;0.614045798017262;;;;;;4.112872362136841;1.1213345305065605;
MCAR;40%;0.4;Totc;Continue;MICE (BayesianRidge);0.5026312597434753;0.02461405834445143;0.21758928993224042;0.39467192452571054;0.02516767981201618;0.01649221606598559;0.8877099610762027;0.6472791814570378;;;;;;4.112872362136841;1.1213345305065605;
MCAR;40%;0.4;lu(mmol/l);Continue;MICE (BayesianRidge);5.104901246774182;0.3365157434673081;0.16922189197428467;3.617136404914915;0.4387012462069466;-0.18993313254497063;0.4716921713895168;0.4286663682083726;;;;;;4.112872362136841;1.1213345305065605;
MCAR;40%;0.4;HTA;Binaire;MICE (BayesianRidge);;;;;;;;;0.6151758584469551;0.6092031560108264;0.16506409699581506;0.1715188620982835;6.466852656687054e-26;4.112872362136841;1.1213345305065605;0.022761456796985494
MCAR;40%;0.4;HTS/HTD;Ordinale;MICE (BayesianRidge);;;;;;;;;0.32583786680933424;0.28589784028196774;0.016977114739943233;0.018407277923326165;4.0938597052443445e-43;4.112872362136841;1.1213345305065605;0.023784089030965513
MCAR;40%;0.4;Profil_glycemique;Ordinale;MICE (BayesianRidge);;;;;;;;;0.40254133642626344;0.3428706697664519;0.03949386444937943;0.043472220039215276;1.4218576239245028e-39;4.112872362136841;1.1213345305065605;0.05763207351250988
MCAR;40%;0.4;Sexe;Binaire;MICE (BayesianRidge);;;;;;;;;0.5643181512326652;0.5612570387717929;0.07845778176506073;0.0784739902163187;1.1809663121488779e-23;4.112872362136841;1.1213345305065605;0.07018815706064077
MCAR;40%;0.4;Adipo HMW;Continue;MissForest;5.328179814973971;0.372044884993279;0.10956402501635765;2.263074792259899;0.22058853592080496;0.48991499219784956;0.013141334062851751;0.0651981433745051;;;;;;95.69347176551818;0.8239810924532659;
MCAR;40%;0.4;Age;Continue;MissForest;12.340137206971646;0.4745003823208022;0.2285210593883638;10.076517713193082;0.4883676556884878;0.7055515250327009;0.04384553091592959;0.28929714294134523;;;;;;95.69347176551818;0.8239810924532659;
MCAR;40%;0.4;Glibenclamide 5mg;Continue;MissForest;5.059212004093188;0.44845301395145387;0.2529606002046594;3.7157713894911297;0.3275280083952818;0.3185283457882982;1.6108479385191462e-07;0.20184218869056916;;;;;;95.69347176551818;0.8239810924532659;
MCAR;40%;0.4;Glu;Continue;MissForest;0.5134290732624736;0.10565232976419892;0.0945541571385771;0.2156025706468209;0.03070873447228233;-0.06909381287810801;0.7230160079544854;0.24714978123844955;;;;;;95.69347176551818;0.8239810924532659;
MCAR;40%;0.4;HDL;Continue;MissForest;0.1197235911502081;0.00856521913505567;0.08372279101413155;0.0809682496700431;0.006406425191535441;0.004294612558556034;0.8270494741614876;0.26257643799396996;;;;;;95.69347176551818;0.8239810924532659;
MCAR;40%;0.4;HOMA-IR;Continue;MissForest;8.326423257645498;3.72896044256635;0.08329141912220911;1.7203840133912283;0.7479592388809111;0.052221774090289774;0.7432298235304025;0.0034976752071838825;;;;;;95.69347176551818;0.8239810924532659;
MCAR;40%;0.4;HOMAB%;Continue;MissForest;37.18986805645842;6.053399688930303;0.10858355636922165;23.246044805418887;3.0043467675401985;3.472865845958372;0.18175290406785607;0.21149762635294636;;;;;;95.69347176551818;0.8239810924532659;
MCAR;40%;0.4;HOMAS%;Continue;MissForest;274.1832385470285;124.88867778539048;0.08952337432560438;76.7420227275142;27.366065323749428;-18.919395670124818;0.825155050920886;0.01694198434098763;;;;;;95.69347176551818;0.8239810924532659;
MCAR;40%;0.4;IMC;Continue;MissForest;4.664439889901077;0.6615824698087179;0.11690940833694283;3.280520488444734;0.31555909428499695;0.05507911879354092;0.44491508207979164;0.23643203704889335;;;;;;95.69347176551818;0.8239810924532659;
MCAR;40%;0.4;Ins (µUI/mL);Continue;MissForest;4.1330437048294355;1.1614233052287843;0.07136840299215445;1.754516296421641;0.3469945587907297;0.6481385541443023;0.8374685699647086;0.15208547444606277;;;;;;95.69347176551818;0.8239810924532659;
MCAR;40%;0.4;Insu pmol/L;Continue;MissForest;26.9891828780479;6.151947315244279;0.07767378465006931;10.643792910647221;1.5982163977204824;-0.25708603038406175;0.777839468851641;0.18566785444568845;;;;;;95.69347176551818;0.8239810924532659;
MCAR;40%;0.4;Insuline 10 UI;Continue;MissForest;2.009991480341075;0.28350036382565413;0.2009991480341075;0.4794614849657304;0.09748945993672559;-0.21558815520200075;0.9912443482553398;0.2953638107613226;;;;;;95.69347176551818;0.8239810924532659;
MCAR;40%;0.4;LDLc;Continue;MissForest;0.19775322956601618;0.018745684869561356;0.08940019419801817;0.12613878139849752;0.013668020540014116;-0.0024681164733682897;0.9346194569180936;0.43186221827728843;;;;;;95.69347176551818;0.8239810924532659;
MCAR;40%;0.4;Lasilix 40 mg;Continue;MissForest;0.0;0.0;;0.0;0.0;0.0;1.0;1.0;;;;;;95.69347176551818;0.8239810924532659;
MCAR;40%;0.4;Lexomil 6 mg;Continue;MissForest;0.0;0.0;;0.0;0.0;0.0;1.0;1.0;;;;;;95.69347176551818;0.8239810924532659;
MCAR;40%;0.4;Metformine 500 mg;Continue;MissForest;670.3896879923589;32.858036817849666;0.3351948439961795;418.37771087159734;17.35206900145301;67.8144844535966;5.441600903528542e-06;0.1863352245916337;;;;;;95.69347176551818;0.8239810924532659;
MCAR;40%;0.4;Non HDL;Continue;MissForest;0.21316282926329638;0.017537049923425564;0.08808381374516379;0.13772596985700014;0.009850569547850773;-0.005587770163483545;0.7966546202725118;0.4554408083228972;;;;;;95.69347176551818;0.8239810924532659;
MCAR;40%;0.4;PAD;Continue;MissForest;9.997273154227093;0.8906055491004203;0.11232891184524822;7.303884826628957;0.6284421209632419;-0.13619929145914234;0.28794183817875224;0.431536972885013;;;;;;95.69347176551818;0.8239810924532659;
MCAR;40%;0.4;PAS;Continue;MissForest;16.248394973418733;1.5627517730509943;0.12498765364168254;11.98907029079717;0.9146669380050007;0.32878296146552116;0.43493328090312583;0.2666189758601779;;;;;;95.69347176551818;0.8239810924532659;
MCAR;40%;0.4;PCSK9;Continue;MissForest;38.996133008223936;2.61259435117192;0.11689029207816218;27.450800838291293;1.2532862683420851;1.5077074510578867;0.10131436236076183;0.4382898019590538;;;;;;95.69347176551818;0.8239810924532659;
MCAR;40%;0.4;Prot;Continue;MissForest;11.667095249011158;0.4314945552327302;0.12709254083890148;8.514422688909509;0.4533367706426191;1.3714280505449694;0.021185872840703352;0.13135761563387566;;;;;;95.69347176551818;0.8239810924532659;
MCAR;40%;0.4;Ratio LDL-c/HDL;Continue;MissForest;3.713410259218532;1.693926168913344;0.04038897914678972;1.0905930861486284;0.2551437049338984;0.36194835913470347;0.8878616471037258;0.2573752366064565;;;;;;95.69347176551818;0.8239810924532659;
MCAR;40%;0.4;Ratio LogTG/HDL;Continue;MissForest;0.13027778922003158;0.015175396210216638;0.0623423442860675;0.0707014140198132;0.010002536567415246;0.0015858838368031276;0.8051181235048626;0.2640512998608509;;;;;;95.69347176551818;0.8239810924532659;
MCAR;40%;0.4;Ratio TG/HDL;Continue;MissForest;1.7182047869865105;0.27241785084702674;0.04042834792909437;0.5587422275524745;0.07387466401515025;0.05535514998066735;0.7808451641611208;0.22665598515244686;;;;;;95.69347176551818;0.8239810924532659;
MCAR;40%;0.4;Ratio Tot-c/HDL;Continue;MissForest;6.070683576332876;2.513359863987667;0.06038573700292177;1.4917658476877402;0.4243627635723999;-0.1878562927957917;0.8620677052148743;0.01867116799938705;;;;;;95.69347176551818;0.8239810924532659;
MCAR;40%;0.4;TG;Continue;MissForest;0.32414564944349716;0.022688856315455527;0.09234918787564023;0.2210861007763894;0.011868776189126802;0.020798218962092312;0.3690930168950773;0.22673709541375292;;;;;;95.69347176551818;0.8239810924532659;
MCAR;40%;0.4;TT;Continue;MissForest;14.147956420737302;1.6384249931470636;0.08225556058568198;9.116791155365803;0.502776480429946;0.8665662816023646;0.3541658382183048;0.4184730565605642;;;;;;95.69347176551818;0.8239810924532659;
MCAR;40%;0.4;Totc;Continue;MissForest;0.23585061831926163;0.018522149394151057;0.10209983477024313;0.1657974117307564;0.00913935746560565;-0.0030054060114588846;0.9034125375101965;0.46511087313219973;;;;;;95.69347176551818;0.8239810924532659;
MCAR;40%;0.4;lu(mmol/l);Continue;MissForest;2.857217315647575;0.6266877584993212;0.09471362844503571;1.202237859630315;0.18596551888260168;-0.3621560412850059;0.7744240459797262;0.3870791272925514;;;;;;95.69347176551818;0.8239810924532659;
MCAR;40%;0.4;HTA;Binaire;MissForest;;;;;;;;;0.9053101061682481;0.9056217615633884;0.7821590321293089;0.784021932570008;7.832713221831477e-55;95.69347176551818;0.8239810924532659;0.01372115455478455
MCAR;40%;0.4;HTS/HTD;Ordinale;MissForest;;;;;;;;;0.6762054721042073;0.6387353173262763;0.4631720348787097;0.49055377154645735;5.300985645796714e-94;95.69347176551818;0.8239810924532659;0.028451991663325748
MCAR;40%;0.4;Profil_glycemique;Ordinale;MissForest;;;;;;;;;0.9188820251329011;0.9167032392269677;0.8473366772722402;0.8525732171335594;6.900056367357542e-141;95.69347176551818;0.8239810924532659;0.036116452662851364
MCAR;40%;0.4;Sexe;Binaire;MissForest;;;;;;;;;0.5751585022990797;0.584112047879261;0.09444969208540635;0.09714180615928847;2.6081682979568565e-23;95.69347176551818;0.8239810924532659;0.05591395952073666
MAR;10%;0.1;Adipo HMW;Continue;Mediane/Mode;5.774044186899781;4.018052180342633;0.11873238961664671;2.35712831719375;1.5419517642281126;-2.1060784422125;0.7293507949319314;0.19629086408406607;;;;;;0.009529781341552735;0.8622793181500563;
MAR;10%;0.1;Age;Continue;Mediane/Mode;11.110888345442458;0.7639618569593131;0.2057571915822677;9.05625;0.5772374944509407;1.14375;0.6774128435705667;0.45343160444148234;;;;;;0.009529781341552735;0.8622793181500563;
MAR;10%;0.1;Glibenclamide 5mg;Continue;Mediane/Mode;5.12694386868432;2.46151860326107;0.25634719343421597;3.171875;1.8293598927459571;-3.171875;0.898010872682854;0.1476707441771538;;;;;;0.009529781341552735;0.8622793181500563;
MAR;10%;0.1;Glu;Continue;Mediane/Mode;1.1595795223729157;0.2740677095705564;0.21355055660643013;0.80140625;0.24151822847872162;-0.4992187499999998;0.5805536496118316;0.20742012750903904;;;;;;0.009529781341552735;0.8622793181500563;
MAR;10%;0.1;HDL;Continue;Mediane/Mode;0.34013201383116776;0.06597431476675539;0.23785455512669076;0.30593750000000003;0.07159490259875347;0.2308125;0.24799924330593076;0.006597087220998954;;;;;;0.009529781341552735;0.8622793181500563;
MAR;10%;0.1;HOMA-IR;Continue;Mediane/Mode;21.932605845784735;3.977243067319215;0.2193976704542453;5.7009482953875;1.7469509079198908;-5.668055724037499;0.19154653294217683;0.00041649138046980747;;;;;;0.009529781341552735;0.8622793181500563;
MAR;10%;0.1;HOMAB%;Continue;Mediane/Mode;43.62562016981777;17.150421908031483;0.12737407348851906;29.941875;9.174370561259911;-9.114375;0.5889735948295466;0.43947185934825905;;;;;;0.009529781341552735;0.8622793181500563;
MAR;10%;0.1;HOMAS%;Continue;Mediane/Mode;411.0998225578269;324.58197265948235;0.1342279108491941;158.6206249999375;106.59153518931348;-78.5381250000625;0.3788514638595962;0.10156145061008928;;;;;;0.009529781341552735;0.8622793181500563;
MAR;10%;0.1;IMC;Continue;Mediane/Mode;5.145474374716053;0.607267724513893;0.1289660450043258;4.110309299125;0.4044651495364291;-0.1793257043750002;0.6901299164437316;0.5141575050862317;;;;;;0.009529781341552735;0.8622793181500563;
MAR;10%;0.1;Ins (µUI/mL);Continue;Mediane/Mode;7.97192264652899;3.523473673082039;0.13765723972261815;4.886197881875001;1.7859184306561393;-3.12551911375;0.42652797224819894;0.2253884513447458;;;;;;0.009529781341552735;0.8622793181500563;
MAR;10%;0.1;Insu pmol/L;Continue;Mediane/Mode;59.455094682352446;0.6828187906466268;0.17110937524761952;29.09575947375;2.17733512662656;5.986194731249997;0.16293106765359242;0.0006441709952248153;;;;;;0.009529781341552735;0.8622793181500563;
MAR;10%;0.1;Insuline 10 UI;Continue;Mediane/Mode;1.0;1.3693063937629153;0.1;0.25;0.3423265984407288;-0.25;1.0;0.8044450621089867;;;;;;0.009529781341552735;0.8622793181500563;
MAR;10%;0.1;LDLc;Continue;Mediane/Mode;0.4216332361470509;0.04295330569591206;0.19061177041005922;0.3478875;0.04281910076852387;0.002974999999999972;0.5843665568845392;0.24620095072756562;;;;;;0.009529781341552735;0.8622793181500563;
MAR;10%;0.1;Lasilix 40 mg;Continue;Mediane/Mode;0.0;0.0;;0.0;0.0;0.0;1.0;1.0;;;;;;0.009529781341552735;0.8622793181500563;
MAR;10%;0.1;Lexomil 6 mg;Continue;Mediane/Mode;0.0;0.0;;0.0;0.0;0.0;1.0;1.0;;;;;;0.009529781341552735;0.8622793181500563;
MAR;10%;0.1;Metformine 500 mg;Continue;Mediane/Mode;1091.5072010047843;277.7972060575429;0.5457536005023921;718.75;311.52190683401386;718.75;0.8158449104368838;0.00579308846754819;;;;;;0.009529781341552735;0.8622793181500563;
MAR;10%;0.1;Non HDL;Continue;Mediane/Mode;0.40947497829875407;0.0636235721572088;0.16920453648708847;0.3093125;0.05710350730800168;-0.0794375;0.5393307204458453;0.24491892619925326;;;;;;0.009529781341552735;0.8622793181500563;
MAR;10%;0.1;PAD;Continue;Mediane/Mode;12.924214978343835;1.4370835020767234;0.14521589863307677;10.8625;0.6827248942656183;-2.7875;0.6519635622104147;0.20099834936912658;;;;;;0.009529781341552735;0.8622793181500563;
MAR;10%;0.1;PAS;Continue;Mediane/Mode;24.20368143443243;4.347313109914986;0.18618216488024947;19.4375;3.3040871942943637;-0.825;0.6258274892632272;0.14926521737825837;;;;;;0.009529781341552735;0.8622793181500563;
MAR;10%;0.1;PCSK9;Continue;Mediane/Mode;26.08742033766639;5.942093299431495;0.0781966299630922;19.6072867815875;2.8179546453589093;-2.2999169042249994;0.573267917413754;0.2921623161653612;;;;;;0.009529781341552735;0.8622793181500563;
MAR;10%;0.1;Prot;Continue;Mediane/Mode;13.36309622827693;5.881389591203227;0.14556749704005367;9.2384375;3.8304019886339926;-3.895812500000001;0.5518506769617828;0.2893009081718282;;;;;;0.009529781341552735;0.8622793181500563;
MAR;10%;0.1;Ratio LDL-c/HDL;Continue;Mediane/Mode;2.309726193948822;2.7525567981988415;0.025121782019804296;1.1672176706;0.6221690723046751;-0.330248184475;0.5979387000348861;0.15255240192636849;;;;;;0.009529781341552735;0.8622793181500563;
MAR;10%;0.1;Ratio LogTG/HDL;Continue;Mediane/Mode;0.31817804525582194;0.20302745658559834;0.1522589948782799;0.23881878453125;0.16771627654001184;-0.07041360152500002;0.5244915447762234;0.17891673465477104;;;;;;0.009529781341552735;0.8622793181500563;
MAR;10%;0.1;Ratio TG/HDL;Continue;Mediane/Mode;6.129608576701424;4.284731134042255;0.14422608415768057;3.5904840938187497;2.4481814518617027;-3.27586854913125;0.36718977469739217;0.166935380699807;;;;;;0.009529781341552735;0.8622793181500563;
MAR;10%;0.1;Ratio Tot-c/HDL;Continue;Mediane/Mode;9.594255257202038;7.831769903418397;0.09543508031928655;5.2976836344;4.125843470069463;-4.8009244619375;0.4247070963623275;0.1966852379372882;;;;;;0.009529781341552735;0.8622793181500563;
MAR;10%;0.1;TG;Continue;Mediane/Mode;0.4264223879282281;0.04532276019821224;0.12148785980861199;0.3331875;0.059558269786823055;-0.023000000000000027;0.5690219455904952;0.29204713140114835;;;;;;0.009529781341552735;0.8622793181500563;
MAR;10%;0.1;TT;Continue;Mediane/Mode;15.061287135125587;2.1327446616099075;0.08756562287863714;11.78125;1.9543121392193212;-2.85625;0.663993843496544;0.3795309751268758;;;;;;0.009529781341552735;0.8622793181500563;
MAR;10%;0.1;Totc;Continue;Mediane/Mode;0.43896096029048304;0.03083778811898345;0.19002638973613983;0.36487499999999995;0.028898732130493175;-0.014374999999999943;0.6794551431477692;0.2290549958956841;;;;;;0.009529781341552735;0.8622793181500563;
MAR;10%;0.1;lu(mmol/l);Continue;Mediane/Mode;6.560101397302214;2.0056859687168322;0.21746018509096837;4.583717225;1.2155252018696465;-2.117030825;0.552740682927916;0.20077067071540539;;;;;;0.009529781341552735;0.8622793181500563;
MAR;10%;0.1;HTA;Binaire;Mediane/Mode;;;;;;;;;0.5920707740535327;0.70625;0.0;0.0;4.009541687425499e-55;0.009529781341552735;0.8622793181500563;0.1926508627417861
MAR;10%;0.1;HTS/HTD;Ordinale;Mediane/Mode;;;;;;;;;0.23512047721800045;0.39375;0.0;0.0;1.6346116209622936e-157;0.009529781341552735;0.8622793181500563;0.13678913834930398
MAR;10%;0.1;Profil_glycemique;Ordinale;Mediane/Mode;;;;;;;;;0.5015472050299636;0.6375;0.0;0.0;3.9837392094009417e-153;0.009529781341552735;0.8622793181500563;0.15245614312490668
MAR;10%;0.1;Sexe;Binaire;Mediane/Mode;;;;;;;;;0.4144966134494436;0.56875;0.0;0.0;1.01892676199833e-55;0.009529781341552735;0.8622793181500563;0.08485004640561089
MAR;10%;0.1;Adipo HMW;Continue;KNN (k=5);6.096395329639302;3.4920255544869594;0.12536093630493764;2.68927865812875;1.252712889039092;-1.47614090368625;0.9813261519743408;0.38578331815078853;;;;;;0.03573203086853027;0.889504475193662;
MAR;10%;0.1;Age;Continue;KNN (k=5);12.799991822985918;0.7931025560210054;0.23703688561085032;10.305;0.45998896046535726;1.7074999999999996;0.9717593028965185;0.31660319503312856;;;;;;0.03573203086853027;0.889504475193662;
MAR;10%;0.1;Glibenclamide 5mg;Continue;KNN (k=5);4.9599457171451276;0.9885285674764926;0.2479972858572564;4.134375;0.8276531674711334;0.215625;0.7766081421107036;0.5770437575013241;;;;;;0.03573203086853027;0.889504475193662;
MAR;10%;0.1;Glu;Continue;KNN (k=5);0.9891309886258357;0.2700784170617789;0.18216040306184822;0.73666875;0.20445711939640304;-0.10888124999999997;0.8760173038583818;0.23816285813227295;;;;;;0.03573203086853027;0.889504475193662;
MAR;10%;0.1;HDL;Continue;KNN (k=5);0.2552588088615781;0.027635246935940917;0.1785026635395651;0.21211249999999998;0.03035175937033964;0.1143125;0.7385668983609561;0.1661966494797177;;;;;;0.03573203086853027;0.889504475193662;
MAR;10%;0.1;HOMA-IR;Continue;KNN (k=5);21.664843299492727;4.115657926769015;0.216719170721727;5.475403185439999;1.786036942825638;-5.1211813619875;0.8438688750558659;0.1522765182889998;;;;;;0.03573203086853027;0.889504475193662;
MAR;10%;0.1;HOMAB%;Continue;KNN (k=5);56.716334571098;24.03066745898027;0.16559513743386275;43.298;20.40595263661593;16.560499999999998;0.8807214179254503;0.2732868461869657;;;;;;0.03573203086853027;0.889504475193662;
MAR;10%;0.1;HOMAS%;Continue;KNN (k=5);619.5053493742257;248.68868177660949;0.20227425127313342;341.9236249890625;188.54309844360077;112.24137498801251;0.868220913330134;0.08118909625336528;;;;;;0.03573203086853027;0.889504475193662;
MAR;10%;0.1;IMC;Continue;KNN (k=5);5.073274037500226;0.38304670887873965;0.127156417502446;4.1032168388875;0.4046759926178899;0.16636004916250036;0.9626064756791202;0.39413219401612876;;;;;;0.03573203086853027;0.889504475193662;
MAR;10%;0.1;Ins (µUI/mL);Continue;KNN (k=5);6.85469427668847;2.200019473606411;0.11836520938674813;3.938753090875;0.6178205223576941;-0.2737800611249999;0.9955047610088693;0.02766425460577011;;;;;;0.03573203086853027;0.889504475193662;
MAR;10%;0.1;Insu pmol/L;Continue;KNN (k=5);68.27141186111037;6.351503535417692;0.19648238209424546;47.859762657750004;8.901965282868884;27.75828421875;0.24896415997557558;1.1506397277116775e-05;;;;;;0.03573203086853027;0.889504475193662;
MAR;10%;0.1;Insuline 10 UI;Continue;KNN (k=5);1.8787341431568774;0.8626688380663473;0.18787341431568777;0.8125;0.38273277230987157;0.3125;0.9950000914588051;0.20513252179602232;;;;;;0.03573203086853027;0.889504475193662;
MAR;10%;0.1;LDLc;Continue;KNN (k=5);0.4747838263888731;0.07712166686104183;0.21464006617941825;0.3901475;0.07103988998267097;0.0614125;0.9527336375648318;0.2569109754252119;;;;;;0.03573203086853027;0.889504475193662;
MAR;10%;0.1;Lasilix 40 mg;Continue;KNN (k=5);0.0;0.0;;0.0;0.0;0.0;1.0;1.0;;;;;;0.03573203086853027;0.889504475193662;
MAR;10%;0.1;Lexomil 6 mg;Continue;KNN (k=5);0.0;0.0;;0.0;0.0;0.0;1.0;1.0;;;;;;0.03573203086853027;0.889504475193662;
MAR;10%;0.1;Metformine 500 mg;Continue;KNN (k=5);1271.7990345180822;297.17885144907706;0.6358995172590411;1046.25;371.7725699268304;-115.0;0.8451425477092593;0.2679777071057617;;;;;;0.03573203086853027;0.889504475193662;
MAR;10%;0.1;Non HDL;Continue;KNN (k=5);0.4140275079677812;0.062129126080173305;0.17108574709412447;0.334975;0.06078272973777171;0.029425;0.9438318179932736;0.357797030622886;;;;;;0.03573203086853027;0.889504475193662;
MAR;10%;0.1;PAD;Continue;KNN (k=5);13.180893645894827;2.0765183287204025;0.14809992860555984;10.434999999999999;1.4124419235848251;0.49499999999999894;0.8903739666152672;0.1349409538323481;;;;;;0.03573203086853027;0.889504475193662;
MAR;10%;0.1;PAS;Continue;KNN (k=5);25.73580454193553;2.547207927145573;0.19796772724565792;20.03375;2.476879810113928;2.6087499999999997;0.8729127455389326;0.0788192089974894;;;;;;0.03573203086853027;0.889504475193662;
MAR;10%;0.1;PCSK9;Continue;KNN (k=5);36.773489683179356;6.304596390661261;0.11022795385618392;28.938524679732502;6.236065697575723;3.4815861558974994;0.8680330714279151;0.4458353189751506;;;;;;0.03573203086853027;0.889504475193662;
MAR;10%;0.1;Prot;Continue;KNN (k=5);14.500313630683934;5.704078383249321;0.15795548617302757;11.03885;5.016592881223022;0.796424999999999;0.9703980802981139;0.362841111619607;;;;;;0.03573203086853027;0.889504475193662;
MAR;10%;0.1;Ratio LDL-c/HDL;Continue;KNN (k=5);2.4057383674196373;2.0898548884014647;0.026166060298113032;1.3610845626899999;0.5316472898587424;-0.010497222782500027;0.9130397028295258;0.08402153281494976;;;;;;0.03573203086853027;0.889504475193662;
MAR;10%;0.1;Ratio LogTG/HDL;Continue;KNN (k=5);0.2938205772332205;0.12936462315397582;0.1406031196405044;0.22453607625000002;0.1062691480806303;-0.0075684538525;0.9323392136394869;0.47299185749143363;;;;;;0.03573203086853027;0.889504475193662;
MAR;10%;0.1;Ratio TG/HDL;Continue;KNN (k=5);5.757213197664678;3.570310845183264;0.13546383994505123;3.7049588932362503;2.2085236438722644;-1.41662261450875;0.9600437225783717;0.5987117614597082;;;;;;0.03573203086853027;0.889504475193662;
MAR;10%;0.1;Ratio Tot-c/HDL;Continue;KNN (k=5);9.153689091282354;6.766662256913834;0.09105272167827133;4.8500033850575;3.172785473840946;-2.8222300239725002;0.8166122534311256;0.02886980976909399;;;;;;0.03573203086853027;0.889504475193662;
MAR;10%;0.1;TG;Continue;KNN (k=5);0.45003630678186546;0.09727343919422882;0.12821547201762548;0.3642625;0.08436870809873764;0.08266250000000001;0.8475008871872293;0.4428992312842407;;;;;;0.03573203086853027;0.889504475193662;
MAR;10%;0.1;TT;Continue;KNN (k=5);16.50062363793534;2.6842525866639084;0.09593385836008919;12.62125;2.6899284086662973;-2.28375;0.9942519489802588;0.2794621693998639;;;;;;0.03573203086853027;0.889504475193662;
MAR;10%;0.1;Totc;Continue;KNN (k=5);0.4805329872096008;0.022442933281369946;0.20802293818597445;0.400225;0.02680720373099365;-0.0013000000000000262;0.9450623609639057;0.5208656965035379;;;;;;0.03573203086853027;0.889504475193662;
MAR;10%;0.1;lu(mmol/l);Continue;KNN (k=5);6.099084787567184;1.2673287706612646;0.2021779887937864;4.94837292;1.1841803163852873;0.8768125700000002;0.8420626876356154;0.13141929586224527;;;;;;0.03573203086853027;0.889504475193662;
MAR;10%;0.1;HTA;Binaire;KNN (k=5);;;;;;;;;0.776739951669625;0.8;0.3394324009324009;0.3641112338965785;3.5732219333585247e-60;0.03573203086853027;0.889504475193662;0.11541075368584919
MAR;10%;0.1;HTS/HTD;Ordinale;KNN (k=5);;;;;;;;;0.3443056281056853;0.29375;0.0751828404839598;0.1036311953048255;5.1494525608409685e-138;0.03573203086853027;0.889504475193662;0.11463185658200953
MAR;10%;0.1;Profil_glycemique;Ordinale;KNN (k=5);;;;;;;;;0.4302673016488806;0.41875;0.11932014253049761;0.1420422700120913;5.030877833664574e-127;0.03573203086853027;0.889504475193662;0.20609004649643353
MAR;10%;0.1;Sexe;Binaire;KNN (k=5);;;;;;;;;0.4570629615088849;0.4875;-0.09468452084551156;-0.10188199591602705;3.6767342730243952e-53;0.03573203086853027;0.889504475193662;0.1057505816312427
MAR;10%;0.1;Adipo HMW;Continue;MICE (BayesianRidge);7.944470544612467;2.1667835832346327;0.16336313707833997;5.316156520783541;0.8697037979631755;-2.126365808128985;0.9703770555449536;0.31518672881647947;;;;;;2.310130548477173;1.0127144443315772;
MAR;10%;0.1;Age;Continue;MICE (BayesianRidge);15.079449986675238;1.9629606237533337;0.27924907382731917;12.230714748496789;1.2495622510291624;1.5045432040123725;0.9999827032550342;0.4607087618671358;;;;;;2.310130548477173;1.0127144443315772;
MAR;10%;0.1;Glibenclamide 5mg;Continue;MICE (BayesianRidge);5.520051216998732;0.9932809499882331;0.27600256084993663;4.528306505236221;0.7941408524300986;-0.022542949934950672;0.8550665646815798;0.5131863702088595;;;;;;2.310130548477173;1.0127144443315772;
MAR;10%;0.1;Glu;Continue;MICE (BayesianRidge);0.3863772773733695;0.2620366941059435;0.07115603634868685;0.1427415270744841;0.14489800424232357;-0.03427763102053057;0.9999999991592776;0.7267852111719548;;;;;;2.310130548477173;1.0127144443315772;
MAR;10%;0.1;HDL;Continue;MICE (BayesianRidge);0.16195114587730533;0.03135606675311405;0.1132525495645492;0.12413559482055385;0.02168344382746603;0.025487702773820196;0.9999911146411596;0.4511989570222795;;;;;;2.310130548477173;1.0127144443315772;
MAR;10%;0.1;HOMA-IR;Continue;MICE (BayesianRidge);20.241370204290735;3.354863310319441;0.20247979199776042;10.408055971005876;0.6449630839005005;-3.0835929162975493;0.8767627613504045;0.5891008438542485;;;;;;2.310130548477173;1.0127144443315772;
MAR;10%;0.1;HOMAB%;Continue;MICE (BayesianRidge);68.3645179547952;12.326375058401398;0.1996044319848035;52.70838313970673;9.552386103862506;7.049165846777846;0.9975090440911508;0.381041160505265;;;;;;2.310130548477173;1.0127144443315772;
MAR;10%;0.1;HOMAS%;Continue;MICE (BayesianRidge);655.1397098028527;122.04028005548328;0.21390920096739893;455.2451779963525;25.852261731041168;70.22908830445934;0.8181817180364159;0.2128507174551487;;;;;;2.310130548477173;1.0127144443315772;
MAR;10%;0.1;IMC;Continue;MICE (BayesianRidge);6.252653162487764;1.2035159174057957;0.15671634730361203;4.743859724266427;0.7922704842109353;-0.984979201003995;0.9999009189903065;0.3235034274868667;;;;;;2.310130548477173;1.0127144443315772;
MAR;10%;0.1;Ins (µUI/mL);Continue;MICE (BayesianRidge);2.6418065176494823;4.544451954391455;0.04561807850195217;0.7902729976906506;1.4834002179336043;-0.2569057482165161;1.0;0.5618646768853068;;;;;;2.310130548477173;1.0127144443315772;
MAR;10%;0.1;Insu pmol/L;Continue;MICE (BayesianRidge);15.85331627988485;27.264937376355398;0.04562520770922573;4.7423611907503105;8.89967847261063;-1.5344224955129664;1.0;0.5446456545963884;;;;;;2.310130548477173;1.0127144443315772;
MAR;10%;0.1;Insuline 10 UI;Continue;MICE (BayesianRidge);1.9413788425337344;0.7311122997027277;0.19413788425337347;1.353795633151913;0.21861406654112467;-0.0786703966113382;0.6774128435705667;0.6279398639686405;;;;;;2.310130548477173;1.0127144443315772;
MAR;10%;0.1;LDLc;Continue;MICE (BayesianRidge);0.2508505626216985;0.14797150435890918;0.11340441348178057;0.16950402806701267;0.08587453931123017;0.004883788280602951;0.999999999999811;0.6405771128833294;;;;;;2.310130548477173;1.0127144443315772;
MAR;10%;0.1;Lasilix 40 mg;Continue;MICE (BayesianRidge);0.00013162626648988385;8.218180991217178e-06;;0.00010478461414811834;5.439005484549872e-06;9.282945224621024e-06;0.6101327398229283;0.581136625353247;;;;;;2.310130548477173;1.0127144443315772;
MAR;10%;0.1;Lexomil 6 mg;Continue;MICE (BayesianRidge);0.00015377656195353432;6.54323029110243e-06;;0.00011855658544640738;4.041760686677066e-06;-9.393010446502809e-06;0.6776105978838524;0.6756264932453633;;;;;;2.310130548477173;1.0127144443315772;
MAR;10%;0.1;Metformine 500 mg;Continue;MICE (BayesianRidge);1610.9586702440665;324.81735772389175;0.8054793351220333;1192.2708342592837;162.91769446555486;30.941457813832596;0.9050849768864966;0.31199565790593625;;;;;;2.310130548477173;1.0127144443315772;
MAR;10%;0.1;Non HDL;Continue;MICE (BayesianRidge);0.31307975687967515;0.09244676330530689;0.12937180036350213;0.22536760271284764;0.059103597257642415;-0.01575637636577392;0.9999913491053822;0.705167793110013;;;;;;2.310130548477173;1.0127144443315772;
MAR;10%;0.1;PAD;Continue;MICE (BayesianRidge);13.890775538434692;1.8798664472802251;0.15607612964533363;10.986694094804339;1.4977310229961598;1.5097463715883257;0.9994406618907299;0.5613167649134994;;;;;;2.310130548477173;1.0127144443315772;
MAR;10%;0.1;PAS;Continue;MICE (BayesianRidge);25.652068794092806;4.617912139891882;0.19732360610840619;19.71690251062093;4.078155024673664;-6.259327850633203;0.9949914439270129;0.3864175632596016;;;;;;2.310130548477173;1.0127144443315772;
MAR;10%;0.1;PCSK9;Continue;MICE (BayesianRidge);52.67249183583874;12.474883707813325;0.15788496141084982;38.634199541173864;7.006046217075191;8.556171996325045;0.9798637689162515;0.31656239479780196;;;;;;2.310130548477173;1.0127144443315772;
MAR;10%;0.1;Prot;Continue;MICE (BayesianRidge);19.105222637919795;2.4064226945846574;0.208117893659257;14.60324155699926;1.4650462663674222;4.085607235527902;0.9934389280177724;0.200550639629364;;;;;;2.310130548477173;1.0127144443315772;
MAR;10%;0.1;Ratio LDL-c/HDL;Continue;MICE (BayesianRidge);0.6958487916096308;0.5555598065608274;0.007568412960531503;0.45767682300029444;0.30248942411622975;0.19740046121413907;0.9999997638543331;0.08361371904611588;;;;;;2.310130548477173;1.0127144443315772;
MAR;10%;0.1;Ratio LogTG/HDL;Continue;MICE (BayesianRidge);0.22640173416097528;0.14221451232794732;0.10834091476781069;0.15063161066096983;0.05351720697428929;0.08379522455850157;0.9992432083081543;0.04790257243439555;;;;;;2.310130548477173;1.0127144443315772;
MAR;10%;0.1;Ratio TG/HDL;Continue;MICE (BayesianRidge);2.641451495424385;0.7080526091777463;0.06215179989233847;2.0075021777642252;0.6376877889759883;-0.13640129332073841;0.972789719892388;0.5679446347057819;;;;;;2.310130548477173;1.0127144443315772;
MAR;10%;0.1;Ratio Tot-c/HDL;Continue;MICE (BayesianRidge);0.836842182466674;0.55078812329048;0.008324158442451612;0.5611161812355487;0.36454913538564043;0.07969696079173166;0.9999999983185557;0.35137573825195434;;;;;;2.310130548477173;1.0127144443315772;
MAR;10%;0.1;TG;Continue;MICE (BayesianRidge);0.4953696118081988;0.0758659995104681;0.1411309435350994;0.35375148482588614;0.04473203911464073;-0.075057831497509;0.99613652741439;0.14782521184533834;;;;;;2.310130548477173;1.0127144443315772;
MAR;10%;0.1;TT;Continue;MICE (BayesianRidge);23.31570815837126;7.62456307137325;0.13555644278122828;16.71984898139521;3.124493647259441;-3.955956356333327;0.9980681443733097;0.2573916741646826;;;;;;2.310130548477173;1.0127144443315772;
MAR;10%;0.1;Totc;Continue;MICE (BayesianRidge);0.31277904362248765;0.14211586406220178;0.13540218338635834;0.2202884041439078;0.08648048393918216;0.01605893109070821;0.9999999999998739;0.534243824146688;;;;;;2.310130548477173;1.0127144443315772;
MAR;10%;0.1;lu(mmol/l);Continue;MICE (BayesianRidge);2.146395184251717;1.4560006235805392;0.07115065237218601;0.7926739356735251;0.8051177658696402;-0.19053007008532702;0.9999999991592776;0.5720638575963676;;;;;;2.310130548477173;1.0127144443315772;
MAR;10%;0.1;HTA;Binaire;MICE (BayesianRidge);;;;;;;;;0.8094740121620763;0.8;0.5279922124203117;0.5501896310053678;6.0728339893587034e-62;2.310130548477173;1.0127144443315772;0.04658355206799374
MAR;10%;0.1;HTS/HTD;Ordinale;MICE (BayesianRidge);;;;;;;;;0.3915028246863247;0.325;0.08247675572621345;0.09694825886673734;4.8364815137633296e-135;2.310130548477173;1.0127144443315772;0.05017372421253746
MAR;10%;0.1;Profil_glycemique;Ordinale;MICE (BayesianRidge);;;;;;;;;0.5367000380067986;0.475;0.18260913942315576;0.19748178451871146;1.1399091079526635e-126;2.310130548477173;1.0127144443315772;0.11309756227055114
MAR;10%;0.1;Sexe;Binaire;MICE (BayesianRidge);;;;;;;;;0.5044625287349745;0.50625;-0.014153633105246;-0.014669423053590664;1.6683284997402237e-52;2.310130548477173;1.0127144443315772;0.09600294036490022
MAR;10%;0.1;Adipo HMW;Continue;MissForest;6.150530280163788;2.0605158807762387;0.12647412003362024;3.4216085831136134;1.3909066439807285;0.8793413357411527;0.8003355371790631;0.11910389894619584;;;;;;81.79086117744446;0.9406708566029888;
MAR;10%;0.1;Age;Continue;MissForest;11.585718539468939;0.5702131876837908;0.2145503433234989;9.358977822568766;0.4303798625989663;1.6188777158814696;0.9665054761972257;0.3949209707789123;;;;;;81.79086117744446;0.9406708566029888;
MAR;10%;0.1;Glibenclamide 5mg;Continue;MissForest;4.114814696077006;1.176666711676436;0.2057407348038503;3.1691750604006397;1.0077794577752357;-0.10357000613945724;0.5879337521530377;0.43474008490626986;;;;;;81.79086117744446;0.9406708566029888;
MAR;10%;0.1;Glu;Continue;MissForest;0.3619954561392119;0.2628223261767437;0.0666658298598917;0.14066749999999986;0.09909446050379937;-0.06527249999999994;0.9999999999999369;0.5926358161181635;;;;;;81.79086117744446;0.9406708566029888;
MAR;10%;0.1;HDL;Continue;MissForest;0.07783629599936273;0.02797423644833575;0.05443097622333058;0.05236639417341661;0.010829908889002803;0.019077488373331196;0.9999006845260838;0.21016830606386067;;;;;;81.79086117744446;0.9406708566029888;
MAR;10%;0.1;HOMA-IR;Continue;MissForest;7.9689119487850935;2.9181512644065783;0.07971513872595626;2.2296756821889248;1.0453672972410886;-1.5824993810704637;0.9999011551359102;0.07948368415236473;;;;;;81.79086117744446;0.9406708566029888;
MAR;10%;0.1;HOMAB%;Continue;MissForest;28.640506836978307;12.525138655549735;0.08362191777219945;18.822578273463577;7.800965477812488;4.219100141902669;0.9432897783104132;0.13525549247860907;;;;;;81.79086117744446;0.9406708566029888;
MAR;10%;0.1;HOMAS%;Continue;MissForest;52.30990429776542;51.132901893035;0.017079669669822516;23.094974141292163;27.533773335826243;-3.4285889369947595;0.9994490757990846;0.31689771749079226;;;;;;81.79086117744446;0.9406708566029888;
MAR;10%;0.1;IMC;Continue;MissForest;4.060084618659532;0.5524319857116625;0.10176186246779458;2.8441391137423446;0.3679877724659099;0.707773511764548;0.9999995277087923;0.1873921568505466;;;;;;81.79086117744446;0.9406708566029888;
MAR;10%;0.1;Ins (µUI/mL);Continue;MissForest;4.6756817776283;4.112717600959799;0.080738546504826;1.238642455364178;0.9494981420863596;-0.007486306094720207;0.9999999991592776;0.38878923412412403;;;;;;81.79086117744446;0.9406708566029888;
MAR;10%;0.1;Insu pmol/L;Continue;MissForest;39.836073511157814;13.788785223739868;0.11464662006224488;9.489392095461502;4.660035172635755;-4.983512073464273;0.9998922714585143;0.672507110517472;;;;;;81.79086117744446;0.9406708566029888;
MAR;10%;0.1;Insuline 10 UI;Continue;MissForest;1.4671345777927538;0.8961836660562934;0.14671345777927539;0.6625;0.44073580167147747;0.22374999999999998;0.6409546586140796;0.002806695014190109;;;;;;81.79086117744446;0.9406708566029888;
MAR;10%;0.1;LDLc;Continue;MissForest;0.13636843865974826;0.0364321679069807;0.06164938456588982;0.0848158689850778;0.03179429331971645;0.011973626573344439;0.9999995293901736;0.3905105351470411;;;;;;81.79086117744446;0.9406708566029888;
MAR;10%;0.1;Lasilix 40 mg;Continue;MissForest;0.0;0.0;;0.0;0.0;0.0;1.0;1.0;;;;;;81.79086117744446;0.9406708566029888;
MAR;10%;0.1;Lexomil 6 mg;Continue;MissForest;0.0;0.0;;0.0;0.0;0.0;1.0;1.0;;;;;;81.79086117744446;0.9406708566029888;
MAR;10%;0.1;Metformine 500 mg;Continue;MissForest;634.3520315274761;115.56914349575929;0.3171760157637381;472.6471031177319;91.8127947466257;-9.359201168720798;0.6788187853869182;0.3667868409777227;;;;;;81.79086117744446;0.9406708566029888;
MAR;10%;0.1;Non HDL;Continue;MissForest;0.15396878743305045;0.04810332649721921;0.0636234658814258;0.09931225681259312;0.046045211545172514;-0.017178259431364345;0.9999913516274226;0.5423926057294011;;;;;;81.79086117744446;0.9406708566029888;
MAR;10%;0.1;PAD;Continue;MissForest;9.521423870875415;1.73072810840128;0.10698229068399343;7.152352972346141;1.4984462215115095;1.082051826484935;0.9993334039591335;0.3455397921614349;;;;;;81.79086117744446;0.9406708566029888;
MAR;10%;0.1;PAS;Continue;MissForest;15.832008124975903;5.918211344673327;0.12178467788443001;12.04462843193678;4.579825129053918;1.4163361292586167;0.9978793400037815;0.46567017659544946;;;;;;81.79086117744446;0.9406708566029888;
MAR;10%;0.1;PCSK9;Continue;MissForest;29.355654986239188;4.536752340535541;0.08799311164426502;22.489649024519238;1.7120668558121206;10.658491783810081;0.815178555124948;0.05280681410804391;;;;;;81.79086117744446;0.9406708566029888;
MAR;10%;0.1;Prot;Continue;MissForest;12.954487757681472;5.087140901641948;0.14111642437561517;9.99063573339166;4.390596356276418;2.324911882238374;0.9219789555830908;0.29464932130649685;;;;;;81.79086117744446;0.9406708566029888;
MAR;10%;0.1;Ratio LDL-c/HDL;Continue;MissForest;0.8404526536614098;1.3395626243337666;0.00914119968789506;0.2546361074792742;0.2496065892804486;-0.06126372372576083;0.9999997646950552;0.37079707346856594;;;;;;81.79086117744446;0.9406708566029888;
MAR;10%;0.1;Ratio LogTG/HDL;Continue;MissForest;0.13439355340507086;0.07932953532559031;0.06431187715395048;0.07075471625535176;0.044210722854085546;0.004928248526066751;0.9999009198309026;0.35943285608664155;;;;;;81.79086117744446;0.9406708566029888;
MAR;10%;0.1;Ratio TG/HDL;Continue;MissForest;2.7044827575874817;2.4969463932065157;0.0636348884138231;1.0650650827662684;0.8292052105328879;-0.3281059782321355;0.9994495464087848;0.46206453954800963;;;;;;81.79086117744446;0.9406708566029888;
MAR;10%;0.1;Ratio Tot-c/HDL;Continue;MissForest;4.050649126217335;5.375030465599873;0.04029223888072115;1.2870031866898317;1.3457264560081403;-0.722478659124782;0.9999999999998739;0.5570372448302805;;;;;;81.79086117744446;0.9406708566029888;
MAR;10%;0.1;TG;Continue;MissForest;0.27191380796263076;0.12140294096052102;0.07746832135687487;0.20273286278531208;0.09841528716732226;0.014098692452545946;0.9825088425806507;0.29172396175563337;;;;;;81.79086117744446;0.9406708566029888;
MAR;10%;0.1;TT;Continue;MissForest;11.990528538605849;2.581527374502904;0.06971237522445262;7.879875408095887;1.1427329663149475;-3.136040099530364;0.9993506998632509;0.3425973224453628;;;;;;81.79086117744446;0.9406708566029888;
MAR;10%;0.1;Totc;Continue;MissForest;0.15839420376063126;0.046252151673579454;0.06856891937689666;0.11149142923112446;0.03221330346192438;0.021754645949181688;0.9999997646949922;0.4470121034421027;;;;;;81.79086117744446;0.9406708566029888;
MAR;10%;0.1;lu(mmol/l);Continue;MissForest;2.404464896393252;0.8771715766892864;0.07970538102192151;0.8330162126874994;0.4109174763580524;-0.5364235621874993;0.9999999999998108;0.3977657346986234;;;;;;81.79086117744446;0.9406708566029888;
MAR;10%;0.1;HTA;Binaire;MissForest;;;;;;;;;0.9502842945584881;0.95;0.8487243919396794;0.8505601440088635;1.005751595719114e-65;81.79086117744446;0.9406708566029888;0.047537841265006715
MAR;10%;0.1;HTS/HTD;Ordinale;MissForest;;;;;;;;;0.6635769793707438;0.60625;0.4082083375179841;0.44709150610913795;9.883562103232978e-149;81.79086117744446;0.9406708566029888;0.15098188819408748
MAR;10%;0.1;Profil_glycemique;Ordinale;MissForest;;;;;;;;;0.972425197351668;0.96875;0.9334068898587619;0.9352962499761641;5.569958707634561e-189;81.79086117744446;0.9406708566029888;0.017261954411426823
MAR;10%;0.1;Sexe;Binaire;MissForest;;;;;;;;;0.6325039212981579;0.6625;0.23965416591302025;0.2640862330482046;2.4164900218945294e-57;81.79086117744446;0.9406708566029888;0.07412715131493039
MAR;20%;0.2;Adipo HMW;Continue;Mediane/Mode;1.4305083543819799;1.069453769705262;0.029415721422378742;0.6833685137936507;0.3518558904057189;-0.4042543449492063;0.05593974970627955;0.32608079358743886;;;;;;0.009799528121948241;0.7633058691266086;
MAR;20%;0.2;Age;Continue;Mediane/Mode;10.77642986237998;0.4111357559731678;0.1995635159699996;8.895238095238096;0.18326288758567164;-0.6031746031746031;0.05698846481217906;0.6632465893001378;;;;;;0.009799528121948241;0.7633058691266086;
MAR;20%;0.2;Glibenclamide 5mg;Continue;Mediane/Mode;5.830566891809225;1.8136544072404779;0.29152834459046123;3.4920634920634925;1.7742134052466791;-3.4920634920634925;0.3318502482749744;0.09471256079375188;;;;;;0.009799528121948241;0.7633058691266086;
MAR;20%;0.2;Glu;Continue;Mediane/Mode;0.8634261249467494;0.07607113236608902;0.15901033608595755;0.5666349206349206;0.051675827583722245;-0.27596825396825386;0.04752607783645095;0.0917077520744872;;;;;;0.009799528121948241;0.7633058691266086;
MAR;20%;0.2;HDL;Continue;Mediane/Mode;0.3449747073633065;0.07440563836253423;0.24124105410021435;0.30574603174603177;0.08785620366283681;0.21393650793650795;0.003395505587741764;0.0003590053979708644;;;;;;0.009799528121948241;0.7633058691266086;
MAR;20%;0.2;HOMA-IR;Continue;Mediane/Mode;9.883066842603885;8.655412548478155;0.09886293755776489;2.1750624035015873;1.6282491169348032;-1.950228601736508;0.007413615496499247;0.1771002014161109;;;;;;0.009799528121948241;0.7633058691266086;
MAR;20%;0.2;HOMAB%;Continue;Mediane/Mode;63.54853132931824;6.607232765586646;0.18554315716589262;36.24190476190476;5.537566863019225;-15.796190476190475;0.004368157437650275;0.04909158622124704;;;;;;0.009799528121948241;0.7633058691266086;
MAR;20%;0.2;HOMAS%;Continue;Mediane/Mode;264.48540020549916;168.09629880828894;0.08635694002203911;89.44031746019047;26.187992152399474;-16.377460317587303;0.018656789649036495;0.2358972614743132;;;;;;0.009799528121948241;0.7633058691266086;
MAR;20%;0.2;IMC;Continue;Mediane/Mode;5.783433215218658;0.7468498181830646;0.14495582991890066;4.450306915650793;0.41537521945359446;-0.053230235714285666;0.04800297078320322;0.49771800098121155;;;;;;0.009799528121948241;0.7633058691266086;
MAR;20%;0.2;Ins (µUI/mL);Continue;Mediane/Mode;8.003678327622433;1.2146517991349117;0.1382055891733919;4.370214592698413;0.6561921551842215;-3.1909792580952385;0.01681045329052313;0.11722945513723901;;;;;;0.009799528121948241;0.7633058691266086;
MAR;20%;0.2;Insu pmol/L;Continue;Mediane/Mode;39.153469667103785;8.73482746807335;0.11268211360704997;22.564998352380954;4.035931702525301;-13.307419697142857;0.024660054222534623;0.04088360812097046;;;;;;0.009799528121948241;0.7633058691266086;
MAR;20%;0.2;Insuline 10 UI;Continue;Mediane/Mode;1.0230149892165659;1.504403199353936;0.10230149892165659;0.2857142857142857;0.4814524091461302;-0.2857142857142857;0.9999997646951183;0.7483730650628191;;;;;;0.009799528121948241;0.7633058691266086;
MAR;20%;0.2;LDLc;Continue;Mediane/Mode;0.45240573647398313;0.07680697889379057;0.20452338900270486;0.3637079365079365;0.05519950029168285;-0.08925714285714285;0.021497165895234194;0.16760874855661775;;;;;;0.009799528121948241;0.7633058691266086;
MAR;20%;0.2;Lasilix 40 mg;Continue;Mediane/Mode;0.0;0.0;;0.0;0.0;0.0;1.0;1.0;;;;;;0.009799528121948241;0.7633058691266086;
MAR;20%;0.2;Lexomil 6 mg;Continue;Mediane/Mode;0.0;0.0;;0.0;0.0;0.0;1.0;1.0;;;;;;0.009799528121948241;0.7633058691266086;
MAR;20%;0.2;Metformine 500 mg;Continue;Mediane/Mode;1207.7123298156755;84.53285379740711;0.6038561649078378;788.8888888888889;97.94435408872941;788.8888888888889;0.1659982235508467;3.062777323910002e-06;;;;;;0.009799528121948241;0.7633058691266086;
MAR;20%;0.2;Non HDL;Continue;Mediane/Mode;0.5001899769803481;0.04021499179734534;0.20669007313237522;0.38755555555555554;0.02291428043647437;-0.1718095238095238;0.015058417688393954;0.12171590237613253;;;;;;0.009799528121948241;0.7633058691266086;
MAR;20%;0.2;PAD;Continue;Mediane/Mode;12.120481455787345;2.3859606923188545;0.13618518489648704;10.317460317460316;1.6139430892347122;-2.0126984126984127;0.048342478631596436;0.040226811671750455;;;;;;0.009799528121948241;0.7633058691266086;
MAR;20%;0.2;PAS;Continue;Mediane/Mode;21.705485857434383;1.534837982253521;0.16696527582641835;17.463492063492062;0.8832302882037641;-0.5047619047619047;0.08334967960669404;0.28985734903410076;;;;;;0.009799528121948241;0.7633058691266086;
MAR;20%;0.2;PCSK9;Continue;Mediane/Mode;32.86485868766049;3.8754261765479554;0.09851189425110446;22.985276077587304;1.0077914116481987;-9.020622126857141;0.014203329262906244;0.14363092496804225;;;;;;0.009799528121948241;0.7633058691266086;
MAR;20%;0.2;Prot;Continue;Mediane/Mode;15.139789496947705;6.7606668528085105;0.1649214542151166;10.729365079365078;5.246013656525734;-6.564285714285712;0.020372981228048346;0.1540699979023888;;;;;;0.009799528121948241;0.7633058691266086;
MAR;20%;0.2;Ratio LDL-c/HDL;Continue;Mediane/Mode;9.763001207214078;4.968736309978362;0.10618747314260782;5.113587211844445;2.2848345031758326;-4.728156627774603;0.010562565269202202;0.1158426337219636;;;;;;0.009799528121948241;0.7633058691266086;
MAR;20%;0.2;Ratio LogTG/HDL;Continue;Mediane/Mode;0.4007646457932772;0.170746509531889;0.19177948655185445;0.2935338303460317;0.12599356623604357;-0.1753312030253968;0.00982048156687144;0.053415961583016626;;;;;;0.009799528121948241;0.7633058691266086;
MAR;20%;0.2;Ratio TG/HDL;Continue;Mediane/Mode;5.5233755007661145;3.9512732525162537;0.12996177648861446;2.8063652873904763;1.9186562428053087;-2.377774194876191;0.016042689480738358;0.20065732311516396;;;;;;0.009799528121948241;0.7633058691266086;
MAR;20%;0.2;Ratio Tot-c/HDL;Continue;Mediane/Mode;7.091296577599403;7.703117428220744;0.07053788338006375;3.5277254654126993;3.4844045124405802;-2.6698151442507934;0.004687740296951525;0.009131289697005242;;;;;;0.009799528121948241;0.7633058691266086;
MAR;20%;0.2;TG;Continue;Mediane/Mode;0.5099243908010922;0.08134756498322805;0.1452776042168354;0.37174603174603177;0.0646571670949148;0.03625396825396824;0.008096348747901834;0.0427567501028778;;;;;;0.009799528121948241;0.7633058691266086;
MAR;20%;0.2;TT;Continue;Mediane/Mode;17.08720845415311;2.9348763406254643;0.09934423519856461;13.136507936507936;1.785682539400348;-0.7809523809523811;0.05854689176779464;0.5238545544417395;;;;;;0.009799528121948241;0.7633058691266086;
MAR;20%;0.2;Totc;Continue;Mediane/Mode;0.4345478805306523;0.06119069694017603;0.18811596559768498;0.3533968253968254;0.05692657481910293;0.0034920634920635463;0.05810444183165973;0.32947974510085976;;;;;;0.009799528121948241;0.7633058691266086;
MAR;20%;0.2;lu(mmol/l);Continue;Mediane/Mode;4.814899372819175;0.5807154775893533;0.15960864709167993;3.191736292063492;0.34825228118793067;-1.4520398349206352;0.0506509329912249;0.32204957958190256;;;;;;0.009799528121948241;0.7633058691266086;
MAR;20%;0.2;HTA;Binaire;Mediane/Mode;;;;;;;;;0.6612339694814248;0.7619047619047619;0.0;0.0;9.988247749224699e-51;0.009799528121948241;0.7633058691266086;0.11780900919466748
MAR;20%;0.2;HTS/HTD;Ordinale;Mediane/Mode;;;;;;;;;0.2361041010595181;0.4;0.0;0.0;8.66879551673058e-122;0.009799528121948241;0.7633058691266086;0.09926209690371339
MAR;20%;0.2;Profil_glycemique;Ordinale;Mediane/Mode;;;;;;;;;0.48309982110448324;0.6253968253968254;0.0;0.0;3.228266999137509e-138;0.009799528121948241;0.7633058691266086;0.08595903324353481
MAR;20%;0.2;Sexe;Binaire;Mediane/Mode;;;;;;;;;0.48547725946241077;0.6285714285714286;0.0;0.0;1.5996117704808602e-48;0.009799528121948241;0.7633058691266086;0.03287066083097405
MAR;20%;0.2;Adipo HMW;Continue;KNN (k=5);1.8793766267758787;0.7481243685977496;0.03864585560204788;0.977653647088254;0.33253063690036333;0.18152542038095237;0.6274096462338814;0.26111866674556733;;;;;;0.05345940589904785;0.8226233770825457;
MAR;20%;0.2;Age;Continue;KNN (k=5);11.632201921452786;0.6948270152521088;0.21541114669357012;9.460952380952383;0.4431125166861579;-0.3498412698412702;0.6384679905982299;0.5748368281245806;;;;;;0.05345940589904785;0.8226233770825457;
MAR;20%;0.2;Glibenclamide 5mg;Continue;KNN (k=5);5.634801633898603;0.7590415901964676;0.28174008169493014;4.426984126984127;0.6651153530438336;-0.23333333333333334;0.3289584910222964;0.3708362138328959;;;;;;0.05345940589904785;0.8226233770825457;
MAR;20%;0.2;Glu;Continue;KNN (k=5);0.8572154582638032;0.10137808977494515;0.15786656689941125;0.6167047619047619;0.11226127472091713;0.02884444444444447;0.4866483257954918;0.04723064471757134;;;;;;0.05345940589904785;0.8226233770825457;
MAR;20%;0.2;HDL;Continue;KNN (k=5);0.32201167476600406;0.049306927216801695;0.22518298934685593;0.27727619047619045;0.049979619933200464;0.15890158730158727;0.2759747466173058;0.20362912972216202;;;;;;0.05345940589904785;0.8226233770825457;
MAR;20%;0.2;HOMA-IR;Continue;KNN (k=5);9.422091376053567;7.60717991458747;0.09425167776452256;2.2355888282526983;1.3641997771879593;-1.1409447390780951;0.43967595621313826;0.08439035724658162;;;;;;0.05345940589904785;0.8226233770825457;
MAR;20%;0.2;HOMAB%;Continue;KNN (k=5);83.40409362146788;21.3613358313703;0.24351560181450477;62.39822222222223;27.814791638490988;18.01511111111111;0.5353880037340492;0.3007902985930174;;;;;;0.05345940589904785;0.8226233770825457;
MAR;20%;0.2;HOMAS%;Continue;KNN (k=5);384.80658403550467;160.9241807034574;0.1256429242287866;191.88622221784127;86.11902805398611;49.51301586862222;0.4623651908872889;0.030207026232587742;;;;;;0.05345940589904785;0.8226233770825457;
MAR;20%;0.2;IMC;Continue;KNN (k=5);5.878774024062978;0.5581081057467683;0.1473454496407643;4.635109568590476;0.5191784540598777;1.2501851436126987;0.3259344892810945;0.260296342346755;;;;;;0.05345940589904785;0.8226233770825457;
MAR;20%;0.2;Ins (µUI/mL);Continue;KNN (k=5);6.817422641365489;1.4786485619979144;0.11772161176720233;4.359030720190477;1.6072927618178536;1.015899488825397;0.54703473479964;0.1214161441606181;;;;;;0.05345940589904785;0.8226233770825457;
MAR;20%;0.2;Insu pmol/L;Continue;KNN (k=5);44.43999906222167;14.895011358163055;0.12789653294082817;35.5465290887619;13.014745269592385;16.146979613714283;0.26393698943703914;0.0599868584507877;;;;;;0.05345940589904785;0.8226233770825457;
MAR;20%;0.2;Insuline 10 UI;Continue;KNN (k=5);1.7040663464298984;1.0260297467646853;0.17040663464298983;0.7428571428571428;0.3930615149023807;0.1841269841269841;0.8011200484796369;0.15555300380774204;;;;;;0.05345940589904785;0.8226233770825457;
MAR;20%;0.2;LDLc;Continue;KNN (k=5);0.4363626584971289;0.07750269260133562;0.19727064127356644;0.3489879365079365;0.06506994877290237;-0.02423111111111112;0.8265710898764247;0.5324472675588577;;;;;;0.05345940589904785;0.8226233770825457;
MAR;20%;0.2;Lasilix 40 mg;Continue;KNN (k=5);0.0;0.0;;0.0;0.0;0.0;1.0;1.0;;;;;;0.05345940589904785;0.8226233770825457;
MAR;20%;0.2;Lexomil 6 mg;Continue;KNN (k=5);0.0;0.0;;0.0;0.0;0.0;1.0;1.0;;;;;;0.05345940589904785;0.8226233770825457;
MAR;20%;0.2;Metformine 500 mg;Continue;KNN (k=5);1529.9540921137154;157.49464525687728;0.7649770460568577;1360.3174603174605;213.2928202272497;-365.3968253968254;0.4723923828304012;0.19248515407942318;;;;;;0.05345940589904785;0.8226233770825457;
MAR;20%;0.2;Non HDL;Continue;KNN (k=5);0.5069507628337641;0.02553297584710164;0.20948378629494382;0.402279365079365;0.0162830128642247;-0.08815873015873014;0.5029211302181744;0.14382258251557803;;;;;;0.05345940589904785;0.8226233770825457;
MAR;20%;0.2;PAD;Continue;KNN (k=5);11.931875002869335;1.7009836772509792;0.13406601126819476;9.431746031746034;1.3864241168183862;0.2050793650793649;0.3125298284147742;0.05937704181652718;;;;;;0.05345940589904785;0.8226233770825457;
MAR;20%;0.2;PAS;Continue;KNN (k=5);23.28875989248478;2.09288642210601;0.17914430686526753;18.516825396825396;2.0720669210406433;1.6533333333333338;0.4152043577468776;0.18057526216713962;;;;;;0.05345940589904785;0.8226233770825457;
MAR;20%;0.2;PCSK9;Continue;KNN (k=5);40.23065395387014;8.830304624192369;0.12059074909226564;31.707305874642543;8.86971253314102;9.473448462645079;0.5488968967933647;0.10162709278583355;;;;;;0.05345940589904785;0.8226233770825457;
MAR;20%;0.2;Prot;Continue;KNN (k=5);15.288475274833047;4.84369925526224;0.16654112499818133;11.289530158730157;3.586696042331381;-2.5819365079365073;0.44724669519442556;0.16527930027532012;;;;;;0.05345940589904785;0.8226233770825457;
MAR;20%;0.2;Ratio LDL-c/HDL;Continue;KNN (k=5);9.498132266074581;4.378222086878141;0.10330662093572918;5.090891623986666;1.6656442744652196;-3.444374060156825;0.1462555222814324;3.0314685373947193e-05;;;;;;0.05345940589904785;0.8226233770825457;
MAR;20%;0.2;Ratio LogTG/HDL;Continue;KNN (k=5);0.3890606690027242;0.12624652609024087;0.1861787363782354;0.29140766417777775;0.10375090611847762;-0.12027491608761905;0.5740168004771677;0.04037359920862517;;;;;;0.05345940589904785;0.8226233770825457;
MAR;20%;0.2;Ratio TG/HDL;Continue;KNN (k=5);6.001353242427467;2.6265464241869174;0.14120831158652863;3.3600283463371428;1.2623436815610825;-0.9646401243790473;0.5608978838697702;0.04049856080230827;;;;;;0.05345940589904785;0.8226233770825457;
MAR;20%;0.2;Ratio Tot-c/HDL;Continue;KNN (k=5);8.363936658558378;5.615366705547798;0.08319696999887057;4.456596325664127;2.3064108376242025;-0.4346323338355559;0.3917747678858257;0.0011207342262742272;;;;;;0.05345940589904785;0.8226233770825457;
MAR;20%;0.2;TG;Continue;KNN (k=5);0.5238377828327503;0.08078491044010357;0.14924153357058415;0.38766349206349204;0.06556832421096107;0.08089523809523806;0.22746011602198096;0.014462902300451035;;;;;;0.05345940589904785;0.8226233770825457;
MAR;20%;0.2;TT;Continue;KNN (k=5);17.679973859878153;2.8521470323457594;0.10279054569696602;13.574603174603174;2.0727691338125815;2.646349206349207;0.5335741483703184;0.3618492638475644;;;;;;0.05345940589904785;0.8226233770825457;
MAR;20%;0.2;Totc;Continue;KNN (k=5);0.4653013922208985;0.043881855053839125;0.20142917412160113;0.3768571428571429;0.04533140474311246;-0.005161904761904758;0.434173713680542;0.1661675163818282;;;;;;0.05345940589904785;0.8226233770825457;
MAR;20%;0.2;lu(mmol/l);Continue;KNN (k=5);4.974369322988346;1.3233508788632193;0.16489490149233546;3.737878227301588;1.1895744061438789;0.8200771073015872;0.5601780942107715;0.2720147608365834;;;;;;0.05345940589904785;0.8226233770825457;
MAR;20%;0.2;HTA;Binaire;KNN (k=5);;;;;;;;;0.7613079455408284;0.7968253968253969;0.33683130901098324;0.35426002314611316;4.9941370116607655e-51;0.05345940589904785;0.8226233770825457;0.1316294525844455
MAR;20%;0.2;HTS/HTD;Ordinale;KNN (k=5);;;;;;;;;0.3405931522984916;0.2952380952380952;0.0875634725591005;0.12296862569879721;3.1592972700187983e-114;0.05345940589904785;0.8226233770825457;0.0671375071885919
MAR;20%;0.2;Profil_glycemique;Ordinale;KNN (k=5);;;;;;;;;0.3512132499509212;0.32063492063492066;0.05858402374936937;0.06300947132140908;3.9821130259445384e-87;0.05345940589904785;0.8226233770825457;0.13532213548320715
MAR;20%;0.2;Sexe;Binaire;KNN (k=5);;;;;;;;;0.5576960828190182;0.6063492063492063;0.07118615908183253;0.07279190803468213;2.0115679638474878e-46;0.05345940589904785;0.8226233770825457;0.07111876983813749
MAR;20%;0.2;Adipo HMW;Continue;MICE (BayesianRidge);5.389462929066391;0.1587659132597899;0.1108241973225986;4.387232089703046;0.15210848053037584;1.6352457553308188;0.13663621614408536;0.06300340522290324;;;;;;1.9651505947113037;1.0813570276554763;
MAR;20%;0.2;Age;Continue;MICE (BayesianRidge);15.934352940104338;1.1619123341224915;0.2950806100019322;12.800771463849713;1.119290385247841;-0.020409152331919377;0.9997936602179249;0.6184412137267549;;;;;;1.9651505947113037;1.0813570276554763;
MAR;20%;0.2;Glibenclamide 5mg;Continue;MICE (BayesianRidge);6.572853272403646;0.5962174468236531;0.3286426636201823;5.310840205727237;0.634850436361973;-0.4749507871917201;0.3401755328162207;0.48214862027853583;;;;;;1.9651505947113037;1.0813570276554763;
MAR;20%;0.2;Glu;Continue;MICE (BayesianRidge);0.5761900364337524;0.29900903743695595;0.1061123455679102;0.34362750612190973;0.23462573772639891;0.016775637738394848;0.6575044239425843;0.14543164556909613;;;;;;1.9651505947113037;1.0813570276554763;
MAR;20%;0.2;HDL;Continue;MICE (BayesianRidge);0.3022047828625019;0.13233249250673565;0.21133201598776358;0.20346600630897999;0.05872379830663041;0.013408622610144822;0.8869670059639608;0.29394044210750075;;;;;;1.9651505947113037;1.0813570276554763;
MAR;20%;0.2;HOMA-IR;Continue;MICE (BayesianRidge);17.175096268516445;3.1630976715483894;0.1718070409706524;11.20889250590287;1.9411953151860708;-4.226792934650772;0.053132883389913156;0.1426059272708433;;;;;;1.9651505947113037;1.0813570276554763;
MAR;20%;0.2;HOMAB%;Continue;MICE (BayesianRidge);82.56462283438901;20.77712299374061;0.2410645922171942;61.20811829248538;13.379826396518508;15.130538023385446;0.5209218489545056;0.2584941487623083;;;;;;1.9651505947113037;1.0813570276554763;
MAR;20%;0.2;HOMAS%;Continue;MICE (BayesianRidge);762.4859042383305;205.00154186230586;0.24895873060970075;590.7761954410798;175.2572856073688;297.71874047736736;0.05787498600182563;0.02945479679379251;;;;;;1.9651505947113037;1.0813570276554763;
MAR;20%;0.2;IMC;Continue;MICE (BayesianRidge);8.11035541774347;0.9465868447038999;0.20327775159962816;6.359700693802662;0.7672260578298429;0.19407092994230535;0.9619380642100497;0.5562579921954772;;;;;;1.9651505947113037;1.0813570276554763;
MAR;20%;0.2;Ins (µUI/mL);Continue;MICE (BayesianRidge);1.8966190597114814;2.6660541198936527;0.03275036100342329;1.2205748741001483;1.6702562920681927;-0.4376611914611927;0.9214760943734335;0.5002844625907711;;;;;;1.9651505947113037;1.0813570276554763;
MAR;20%;0.2;Insu pmol/L;Continue;MICE (BayesianRidge);11.202581996944328;15.868331169698793;0.03224058117977131;7.315332256506852;10.025721373601298;-2.88493231252327;0.8970029958186299;0.4962824896054806;;;;;;1.9651505947113037;1.0813570276554763;
MAR;20%;0.2;Insuline 10 UI;Continue;MICE (BayesianRidge);2.418348052941062;1.2426691596566606;0.24183480529410625;1.6332831127838041;0.7060329187513132;-0.23636664593526127;0.03215232330530356;0.2680783765007908;;;;;;1.9651505947113037;1.0813570276554763;
MAR;20%;0.2;LDLc;Continue;MICE (BayesianRidge);0.2804837807595418;0.16039816962480008;0.12680098587682723;0.19521677135269033;0.08436824460723294;0.01613445329076335;0.9998922714585143;0.2530376505511808;;;;;;1.9651505947113037;1.0813570276554763;
MAR;20%;0.2;Lasilix 40 mg;Continue;MICE (BayesianRidge);0.0001471159010667834;2.079152916445037e-05;;0.00011851236162374728;9.852211307279996e-06;-1.1361302409261476e-05;0.0491245619180859;0.4805082715772967;;;;;;1.9651505947113037;1.0813570276554763;
MAR;20%;0.2;Lexomil 6 mg;Continue;MICE (BayesianRidge);0.0001556021250015546;7.0731410101914426e-06;;0.00012969283254834758;5.471187375577271e-06;1.0865949397427082e-06;0.06092073473992785;0.9563335747213877;;;;;;1.9651505947113037;1.0813570276554763;
MAR;20%;0.2;Metformine 500 mg;Continue;MICE (BayesianRidge);1578.4644600032448;365.4138466698698;0.7892322300016223;1130.939117768809;192.47069416165385;159.90352735393157;0.3539689101173881;0.16742871874237725;;;;;;1.9651505947113037;1.0813570276554763;
MAR;20%;0.2;Non HDL;Continue;MICE (BayesianRidge);0.3194115398682099;0.08252742001397333;0.1319882396149628;0.23100273457802442;0.05778047870946683;0.034220799361550064;0.999785013526855;0.34516345699370843;;;;;;1.9651505947113037;1.0813570276554763;
MAR;20%;0.2;PAD;Continue;MICE (BayesianRidge);17.982998304682653;1.7794726500360887;0.20205616072677138;14.013564058293861;1.1009967005807058;-1.6226048110458322;0.7538596592094807;0.43487153814512525;;;;;;1.9651505947113037;1.0813570276554763;
MAR;20%;0.2;PAS;Continue;MICE (BayesianRidge);29.849588474177853;2.348130984178448;0.22961221903213733;23.35447485543452;1.3451998496428774;-10.212957495148238;0.8423992429365612;0.019294463848386786;;;;;;1.9651505947113037;1.0813570276554763;
MAR;20%;0.2;PCSK9;Continue;MICE (BayesianRidge);52.048087523966366;6.3632639189692375;0.1560133193592076;39.42294770474323;4.354569946866711;6.02374323173334;0.8135780273557434;0.3304211957407638;;;;;;1.9651505947113037;1.0813570276554763;
MAR;20%;0.2;Prot;Continue;MICE (BayesianRidge);20.587496270748705;4.372526881396787;0.22426466525870045;16.02509087834894;3.0610899446135673;-2.6554946258397836;0.7046076788987675;0.305639447934352;;;;;;1.9651505947113037;1.0813570276554763;
MAR;20%;0.2;Ratio LDL-c/HDL;Continue;MICE (BayesianRidge);5.520739636425996;4.838272534881077;0.06004643238568241;2.68926626681801;1.7961433551501138;-0.5648010182711156;0.9414658882114086;0.3331647736998341;;;;;;1.9651505947113037;1.0813570276554763;
MAR;20%;0.2;Ratio LogTG/HDL;Continue;MICE (BayesianRidge);0.32570544371591137;0.1457547654808825;0.1558611105511574;0.21656699971896246;0.07665793867428172;0.022282357689600806;0.9993415825625436;0.691034370346346;;;;;;1.9651505947113037;1.0813570276554763;
MAR;20%;0.2;Ratio TG/HDL;Continue;MICE (BayesianRidge);4.705748744514139;2.1485905642792376;0.11072349987092094;2.747977169119144;0.6825705940866098;-0.479599390395191;0.6925096941156992;0.4536049310488156;;;;;;1.9651505947113037;1.0813570276554763;
MAR;20%;0.2;Ratio Tot-c/HDL;Continue;MICE (BayesianRidge);5.545239200678329;5.4969836107256;0.05515908575698305;2.6833259276836507;1.9899766283147113;-0.9997859013983422;0.8761930622436328;0.3819176948728072;;;;;;1.9651505947113037;1.0813570276554763;
MAR;20%;0.2;TG;Continue;MICE (BayesianRidge);0.675765277968676;0.17083276086377008;0.19252572021899605;0.46685294326106697;0.08221347716925075;0.06821862226423499;0.8534411207633334;0.45777200246907385;;;;;;1.9651505947113037;1.0813570276554763;
MAR;20%;0.2;TT;Continue;MICE (BayesianRidge);24.37867334477909;2.7395535474191544;0.14173647293476216;17.959558961964774;2.7741282421587994;5.133859712253252;0.9618394546508415;0.13448540000793577;;;;;;1.9651505947113037;1.0813570276554763;
MAR;20%;0.2;Totc;Continue;MICE (BayesianRidge);0.3780260344628258;0.17536436633037963;0.16364763396659127;0.27475791951550677;0.11712127248923802;0.1006815198971627;0.9086569312234893;0.1698093457019323;;;;;;1.9651505947113037;1.0813570276554763;
MAR;20%;0.2;lu(mmol/l);Continue;MICE (BayesianRidge);3.2012117384178636;1.6569032522281448;0.10611666725730937;1.9070810631099413;1.3056661358382446;0.09855217054862957;0.6545263313741774;0.2944254200483309;;;;;;1.9651505947113037;1.0813570276554763;
MAR;20%;0.2;HTA;Binaire;MICE (BayesianRidge);;;;;;;;;0.7052880932929892;0.6793650793650794;0.29415154264972776;0.3252675765202288;4.399911208900009e-50;1.9651505947113037;1.0813570276554763;0.024278636031654182
MAR;20%;0.2;HTS/HTD;Ordinale;MICE (BayesianRidge);;;;;;;;;0.404364939570221;0.37777777777777777;0.10541952767902145;0.11272502463093277;1.4424839334988258e-99;1.9651505947113037;1.0813570276554763;0.07483336409201836
MAR;20%;0.2;Profil_glycemique;Ordinale;MICE (BayesianRidge);;;;;;;;;0.4751584183855715;0.4253968253968254;0.15268424676069484;0.16983627186674807;1.7637120413014375e-96;1.9651505947113037;1.0813570276554763;0.07813791864540848
MAR;20%;0.2;Sexe;Binaire;MICE (BayesianRidge);;;;;;;;;0.48715614572813815;0.4793650793650793;-0.022082467021383567;-0.023373160721420268;4.31514611482926e-39;1.9651505947113037;1.0813570276554763;0.07143435760272412
MAR;20%;0.2;Adipo HMW;Continue;MissForest;4.083810389471611;2.8395318074195264;0.08397590156711232;2.168712468188648;1.4217953766116709;1.8534857892957028;0.10020513887486962;5.035191815078493e-06;;;;;;63.54056339263916;0.8903868046893073;
MAR;20%;0.2;Age;Continue;MissForest;10.605323663603032;0.5070184698467062;0.19639488265931543;8.543305373682513;0.37370654041501356;-0.1088946565539544;0.38593955967208926;0.4106123947450763;;;;;;63.54056339263916;0.8903868046893073;
MAR;20%;0.2;Glibenclamide 5mg;Continue;MissForest;4.694433860792024;1.0585214672041674;0.23472169303960122;3.6605069593368227;1.142253043254406;0.4733110937117595;0.0555386821580018;0.31475169275007925;;;;;;63.54056339263916;0.8903868046893073;
MAR;20%;0.2;Glu;Continue;MissForest;0.5169729891598267;0.2181910922376956;0.09520681199996808;0.3032369841269841;0.21685581740674353;-0.012062698412698414;0.5729423857401079;0.45177658402549364;;;;;;63.54056339263916;0.8903868046893073;
MAR;20%;0.2;HDL;Continue;MissForest;0.12679733107723604;0.032308185223819536;0.08866946229177346;0.08403778876287989;0.023236161687051598;0.012278158510046955;0.8617831989759273;0.26834077599720485;;;;;;63.54056339263916;0.8903868046893073;
MAR;20%;0.2;HOMA-IR;Continue;MissForest;5.539279784203475;3.930089068379917;0.05541088410532433;1.4977660276447011;1.1777355788539432;-0.04569093716022303;0.7987152965688584;0.0027320679259620778;;;;;;63.54056339263916;0.8903868046893073;
MAR;20%;0.2;HOMAB%;Continue;MissForest;48.17413531889999;9.518046562248163;0.14065440969021897;27.11683452273287;7.222490976562773;-2.6377478814971886;0.5586071059344537;0.11965134202469577;;;;;;63.54056339263916;0.8903868046893073;
MAR;20%;0.2;HOMAS%;Continue;MissForest;183.353894372869;181.1336305124458;0.05986674972177132;49.48214482006537;31.359140558683112;0.07569068407821451;0.8286439963626652;0.161841563459997;;;;;;63.54056339263916;0.8903868046893073;
MAR;20%;0.2;IMC;Continue;MissForest;4.457909183720881;0.4269195722212246;0.11173292772343668;3.2128182594831913;0.4646381496776704;0.729288607088278;0.7811250948788141;0.3221280316590531;;;;;;63.54056339263916;0.8903868046893073;
MAR;20%;0.2;Ins (µUI/mL);Continue;MissForest;3.2043422949485487;1.8145518513798151;0.05533181078232289;1.2586624533448603;1.2266630612403129;-0.6777963542114405;0.9087557777689602;0.20997287297071807;;;;;;63.54056339263916;0.8903868046893073;
MAR;20%;0.2;Insu pmol/L;Continue;MissForest;15.099773906580072;12.709592491403106;0.043456543015179566;6.487649137576066;7.193681747045178;-3.6141869681322576;0.9087641908365928;0.35709885021586474;;;;;;63.54056339263916;0.8903868046893073;
MAR;20%;0.2;Insuline 10 UI;Continue;MissForest;1.782225247884232;1.1281869273171312;0.1782225247884232;0.8834920634920636;0.64485736243656;0.3304761904761905;0.2782119920715965;0.17169772920881765;;;;;;63.54056339263916;0.8903868046893073;
MAR;20%;0.2;LDLc;Continue;MissForest;0.14145250919236324;0.07006077283407054;0.06394778896580619;0.09509561296836128;0.05240217894547483;-0.01439740798710396;0.9950987010179502;0.32264359218943045;;;;;;63.54056339263916;0.8903868046893073;
MAR;20%;0.2;Lasilix 40 mg;Continue;MissForest;0.0;0.0;;0.0;0.0;0.0;1.0;1.0;;;;;;63.54056339263916;0.8903868046893073;
MAR;20%;0.2;Lexomil 6 mg;Continue;MissForest;0.0;0.0;;0.0;0.0;0.0;1.0;1.0;;;;;;63.54056339263916;0.8903868046893073;
MAR;20%;0.2;Metformine 500 mg;Continue;MissForest;635.538286430851;105.78616146815874;0.31776914321542554;424.11952274200166;67.25980185341793;13.821177357950342;0.04969076996183112;0.31768552564395924;;;;;;63.54056339263916;0.8903868046893073;
MAR;20%;0.2;Non HDL;Continue;MissForest;0.19071795942811848;0.06676995007385265;0.0788090741438506;0.1330325766483428;0.04929863102476767;-0.005907838605357189;0.9786799634849087;0.230954930557245;;;;;;63.54056339263916;0.8903868046893073;
MAR;20%;0.2;PAD;Continue;MissForest;9.695090775790348;1.8970818950202395;0.10893360422236346;7.048072533704447;1.0148225467836187;0.22971934604283478;0.7244168633194127;0.5210166136174122;;;;;;63.54056339263916;0.8903868046893073;
MAR;20%;0.2;PAS;Continue;MissForest;14.604229323163954;3.0482572686449108;0.11234022556279966;11.084023677446991;2.190800747736546;0.9699626286017249;0.6362821902620025;0.22662105884385145;;;;;;63.54056339263916;0.8903868046893073;
MAR;20%;0.2;PCSK9;Continue;MissForest;35.69154308196232;3.3316381942855102;0.10698483602697344;25.976334102976285;1.5844096803137504;7.3166400416443365;0.47863474920588295;0.08495001547919986;;;;;;63.54056339263916;0.8903868046893073;
MAR;20%;0.2;Prot;Continue;MissForest;14.374124798875627;5.3911010268010875;0.15658088016204383;10.504970567256557;4.274253863205116;-2.905168100965466;0.5443671796573193;0.1332251302789281;;;;;;63.54056339263916;0.8903868046893073;
MAR;20%;0.2;Ratio LDL-c/HDL;Continue;MissForest;6.035777257727016;3.8139698667693787;0.06564824912405612;2.506252097627222;1.428442253069308;-0.1690024602357848;0.9497471319288552;0.17678619619867197;;;;;;63.54056339263916;0.8903868046893073;
MAR;20%;0.2;Ratio LogTG/HDL;Continue;MissForest;0.1339315484714604;0.08700292370390736;0.06409079211094013;0.07004577438850472;0.07266443647462684;-0.019874901773733883;0.9980683796781914;0.47264023481560996;;;;;;63.54056339263916;0.8903868046893073;
MAR;20%;0.2;Ratio TG/HDL;Continue;MissForest;2.8159059332760803;2.6674115123291933;0.06625661019473131;1.242069246438232;1.441625029016464;0.0997458058156226;0.982526137644172;0.43328788357852704;;;;;;63.54056339263916;0.8903868046893073;
MAR;20%;0.2;Ratio Tot-c/HDL;Continue;MissForest;4.807396906125314;6.066075629276605;0.04781968975844788;2.2489373416902234;2.8704262447942814;0.24562681556468982;0.9083120747739771;0.009422528056514145;;;;;;63.54056339263916;0.8903868046893073;
MAR;20%;0.2;TG;Continue;MissForest;0.39964791191282695;0.14736575536478;0.11385980396376838;0.2934612023763665;0.11396220715339696;0.06403709520046695;0.6877734176877622;0.11224813897079917;;;;;;63.54056339263916;0.8903868046893073;
MAR;20%;0.2;TT;Continue;MissForest;14.689774814008237;3.063132927963526;0.0854056675233037;9.717785714694624;2.1114353867469307;0.9573339587760049;0.8939686782557779;0.4639795418050111;;;;;;63.54056339263916;0.8903868046893073;
MAR;20%;0.2;Totc;Continue;MissForest;0.23442206648463074;0.0703101669291096;0.10148141406261073;0.17522150811008846;0.06916485412251998;0.06291799057471745;0.9690342111530821;0.07548478919574457;;;;;;63.54056339263916;0.8903868046893073;
MAR;20%;0.2;lu(mmol/l);Continue;MissForest;2.8448526784451436;1.1713556155807985;0.09430375424770558;1.6561402331428572;1.164066121065929;-0.054016305142857324;0.5602253128669431;0.17102097017120063;;;;;;63.54056339263916;0.8903868046893073;
MAR;20%;0.2;HTA;Binaire;MissForest;;;;;;;;;0.8483954861503296;0.8539682539682539;0.5685410247180662;0.5845959185938915;5.0744356835730304e-54;63.54056339263916;0.8903868046893073;0.097238448200673
MAR;20%;0.2;HTS/HTD;Ordinale;MissForest;;;;;;;;;0.6513088745526991;0.6317460317460317;0.4564998661580388;0.49129901880504667;8.033545104847552e-134;63.54056339263916;0.8903868046893073;0.15168921055028387
MAR;20%;0.2;Profil_glycemique;Ordinale;MissForest;;;;;;;;;0.8361695795638309;0.8253968253968254;0.6910358063830784;0.6977448389333832;7.639915036173529e-134;63.54056339263916;0.8903868046893073;0.17596919778789388
MAR;20%;0.2;Sexe;Binaire;MissForest;;;;;;;;;0.6550571980280708;0.6603174603174603;0.26021580141926864;0.26464403814032406;9.155618674493171e-48;63.54056339263916;0.8903868046893073;0.05302528621861385
MAR;40%;0.4;Adipo HMW;Continue;Mediane/Mode;5.195817805304174;0.7578282174618939;0.1068422485294003;1.3963591643296;0.26579052100938694;-1.1144481266367998;2.19568914790974e-06;0.024065176503045016;;;;;;0.006262636184692383;0.6250242782079561;
MAR;40%;0.4;Age;Continue;Mediane/Mode;11.191970146265003;0.17537190878578604;0.20725870641231486;9.105599999999999;0.10344467120156538;-0.036800000000000034;2.9368253961372877e-06;0.35669011677577955;;;;;;0.006262636184692383;0.6250242782079561;
MAR;40%;0.4;Glibenclamide 5mg;Continue;Mediane/Mode;4.247924382319518;1.7084856021105879;0.2123962191159759;1.864;1.5688467101664205;-1.864;0.541975234303461;0.004412705896246732;;;;;;0.006262636184692383;0.6250242782079561;
MAR;40%;0.4;Glu;Continue;Mediane/Mode;1.0376176693128927;0.2261710976497679;0.19108981018653642;0.6779679999999999;0.12106792275413003;-0.41319999999999996;1.025160033014698e-08;0.18041216837014162;;;;;;0.006262636184692383;0.6250242782079561;
MAR;40%;0.4;HDL;Continue;Mediane/Mode;0.30137942389362665;0.05689159487070247;0.21075484188365504;0.25081600000000004;0.05741641298444197;0.06969599999999997;2.5209102246842773e-12;2.9480906726596007e-10;;;;;;0.006262636184692383;0.6250242782079561;
MAR;40%;0.4;HOMA-IR;Continue;Mediane/Mode;8.849819151145768;4.727334223681339;0.08852708699344601;1.7955335474368002;0.7206964174946981;-1.3380103455904;1.8657545956952575e-06;0.1668194626333786;;;;;;0.006262636184692383;0.6250242782079561;
MAR;40%;0.4;HOMAB%;Continue;Mediane/Mode;46.92475521794542;14.281196892063395;0.13700658457794282;30.42208;6.158238828756157;-13.4832;9.809217450043542e-07;0.07926174764549343;;;;;;0.006262636184692383;0.6250242782079561;
MAR;40%;0.4;HOMAS%;Continue;Mediane/Mode;397.5403808032844;78.61294001809449;0.12980062716011506;136.94864000038402;18.096955237185934;-80.892640000256;1.3474243171890455e-06;0.5296986987970181;;;;;;0.006262636184692383;0.6250242782079561;
MAR;40%;0.4;IMC;Continue;Mediane/Mode;5.974836595349345;0.39856077135584317;0.14975315959898028;4.368615125488001;0.08184373742100924;-0.671844513584;1.0554508598729662e-06;0.28627612215969933;;;;;;0.006262636184692383;0.6250242782079561;
MAR;40%;0.4;Ins (µUI/mL);Continue;Mediane/Mode;7.415272294625363;1.4509855408838501;0.12804513555010197;4.28289536112;0.7830240027627093;-2.5728398500800003;7.35024437957962e-07;0.14007770682644421;;;;;;0.006262636184692383;0.6250242782079561;
MAR;40%;0.4;Insu pmol/L;Continue;Mediane/Mode;44.55698278543083;6.380285483173448;0.12823320739907945;26.086191628799998;2.380640147289045;-15.121060158719999;3.0616782464997967e-07;0.1382517312593441;;;;;;0.006262636184692383;0.6250242782079561;
MAR;40%;0.4;Insuline 10 UI;Continue;Mediane/Mode;0.9465727652959386;1.296148139681572;0.09465727652959385;0.22400000000000003;0.30672463220289303;-0.22400000000000003;0.9999995293902366;0.694868827482908;;;;;;0.006262636184692383;0.6250242782079561;
MAR;40%;0.4;LDLc;Continue;Mediane/Mode;0.5136029798158789;0.04640514955597482;0.23218941221332684;0.4087680000000001;0.02765256675247347;-0.19617280000000004;3.66859693954534e-11;4.1408628360322295e-06;;;;;;0.006262636184692383;0.6250242782079561;
MAR;40%;0.4;Lasilix 40 mg;Continue;Mediane/Mode;0.0;0.0;;0.0;0.0;0.0;1.0;1.0;;;;;;0.006262636184692383;0.6250242782079561;
MAR;40%;0.4;Lexomil 6 mg;Continue;Mediane/Mode;0.0;0.0;;0.0;0.0;0.0;1.0;1.0;;;;;;0.006262636184692383;0.6250242782079561;
MAR;40%;0.4;Metformine 500 mg;Continue;Mediane/Mode;1070.1124680693374;118.63444737170093;0.5350562340346687;628.0;133.77593206552513;628.0;0.007121601795896944;3.663786650006586e-08;;;;;;0.006262636184692383;0.6250242782079561;
MAR;40%;0.4;Non HDL;Continue;Mediane/Mode;0.46772564452950094;0.05836353152293525;0.1932750597229343;0.37441599999999997;0.034264822777886846;-0.04983999999999992;3.9396282267760675e-08;0.053970512125227875;;;;;;0.006262636184692383;0.6250242782079561;
MAR;40%;0.4;PAD;Continue;Mediane/Mode;11.290394053421215;0.2945380248602885;0.12685836015080015;9.2928;0.187838228271031;-1.3248;1.0229923735452609e-05;0.2524501968226984;;;;;;0.006262636184692383;0.6250242782079561;
MAR;40%;0.4;PAS;Continue;Mediane/Mode;22.82202061113049;3.110019136825183;0.17555400470100377;18.2208;2.1382504998245633;-3.8144;1.9235973441160983e-05;0.20763138191413164;;;;;;0.006262636184692383;0.6250242782079561;
MAR;40%;0.4;PCSK9;Continue;Mediane/Mode;30.476292209257554;1.9765282880772999;0.09135220400054175;23.015574341619196;1.0045574791321306;-0.3898416779327996;6.778923392734199e-07;0.4837708428513987;;;;;;0.006262636184692383;0.6250242782079561;
MAR;40%;0.4;Prot;Continue;Mediane/Mode;11.46971039061608;5.65230670118332;0.12494237898274596;8.353344000000002;3.5705111353530326;-2.085664;5.398374065132561e-09;0.001390805712297292;;;;;;0.006262636184692383;0.6250242782079561;
MAR;40%;0.4;Ratio LDL-c/HDL;Continue;Mediane/Mode;3.816147151118222;4.196072829461222;0.041506398956314285;1.8885174143712;1.7208195351610167;-0.5734719359231999;5.104445130643879e-09;0.0019012738930954092;;;;;;0.006262636184692383;0.6250242782079561;
MAR;40%;0.4;Ratio LogTG/HDL;Continue;Mediane/Mode;0.35770309242923176;0.14030525019971937;0.17117307158744233;0.2558612338896;0.09337594651267911;-0.1311840319216;8.327485929334966e-09;0.0016701502644330467;;;;;;0.006262636184692383;0.6250242782079561;
MAR;40%;0.4;Ratio TG/HDL;Continue;Mediane/Mode;2.0903898281252107;2.1089847986298476;0.049185643014710845;0.9790047632991999;0.6517026099902059;-0.22198906898239992;4.875276549580274e-07;0.00891890093961667;;;;;;0.006262636184692383;0.6250242782079561;
MAR;40%;0.4;Ratio Tot-c/HDL;Continue;Mediane/Mode;4.4920890725324725;4.615406856457293;0.04468328910852306;2.1791659652144006;1.93698484942602;-0.872411526808;1.442873085507481e-11;0.00015515830096782197;;;;;;0.006262636184692383;0.6250242782079561;
MAR;40%;0.4;TG;Continue;Mediane/Mode;0.4190995762776337;0.08800358773871024;0.11940158868308652;0.31201599999999996;0.06564011943925756;-0.06779199999999999;1.9432051548070013e-08;0.01071613908494953;;;;;;0.006262636184692383;0.6250242782079561;
MAR;40%;0.4;TT;Continue;Mediane/Mode;15.365063415646324;1.1668473728207294;0.08933176404445538;11.4976;1.5730978354825862;-1.7120000000000002;3.8002521985147507e-06;0.2691387431068656;;;;;;0.006262636184692383;0.6250242782079561;
MAR;40%;0.4;Totc;Continue;Mediane/Mode;0.4193419977845839;0.029420420077599804;0.1815333323742788;0.340416;0.02625605606331611;-0.024191999999999943;4.831047588934475e-06;0.5172501467691373;;;;;;0.006262636184692383;0.6250242782079561;
MAR;40%;0.4;lu(mmol/l);Continue;Mediane/Mode;4.725881380813822;0.7682171867189665;0.1566577980353115;3.2595816319999997;0.3640120355511069;-1.0467639296000002;1.1629727593427751e-05;0.15818836390703356;;;;;;0.006262636184692383;0.6250242782079561;
MAR;40%;0.4;HTA;Binaire;Mediane/Mode;;;;;;;;;0.5319458968203568;0.6624000000000001;0.0;0.0;4.7843387352877457e-26;0.006262636184692383;0.6250242782079561;0.13653506387830708
MAR;40%;0.4;HTS/HTD;Ordinale;Mediane/Mode;;;;;;;;;0.23531883620783875;0.4032;0.0;0.0;1.434181827867815e-93;0.006262636184692383;0.6250242782079561;0.07339206328003503
MAR;40%;0.4;Profil_glycemique;Ordinale;Mediane/Mode;;;;;;;;;0.45650723133068444;0.6016;0.0;0.0;3.860964933326061e-88;0.006262636184692383;0.6250242782079561;0.12269128449956897
MAR;40%;0.4;Sexe;Binaire;Mediane/Mode;;;;;;;;;0.4519810338822827;0.6016;0.0;0.0;3.0831113098653723e-32;0.006262636184692383;0.6250242782079561;0.010722880009601036
MAR;40%;0.4;Adipo HMW;Continue;KNN (k=5);5.222839818609663;1.4907892326007146;0.10739790555386379;2.0703077353964803;0.9594561882399858;0.06495258280256005;0.11325923655694432;0.07993473052867804;;;;;;0.06060070991516113;0.6936693854499278;
MAR;40%;0.4;Age;Continue;KNN (k=5);12.521501969843507;0.6085602057368446;0.23187966610821312;10.282239999999998;0.539448726015735;0.3801599999999995;0.013796823157021553;0.012737334138789098;;;;;;0.06060070991516113;0.6936693854499278;
MAR;40%;0.4;Glibenclamide 5mg;Continue;KNN (k=5);5.249258741038515;1.1216520570294592;0.2624629370519258;4.052;1.1012247726962918;1.4312;0.0006236026380232196;3.510553621171297e-05;;;;;;0.06060070991516113;0.6936693854499278;
MAR;40%;0.4;Glu;Continue;KNN (k=5);1.0117251192772154;0.05608085038032086;0.1863213847656014;0.7160352;0.02222461453434012;-0.042672;0.028002460899121773;0.4296466941467595;;;;;;0.06060070991516113;0.6936693854499278;
MAR;40%;0.4;HDL;Continue;KNN (k=5);0.3122208004433823;0.06492027967528391;0.2183362240862813;0.25543039999999995;0.06487882474891171;0.127296;0.2357820456194389;0.1583744358500859;;;;;;0.06060070991516113;0.6936693854499278;
MAR;40%;0.4;HOMA-IR;Continue;KNN (k=5);10.070440800410736;2.3297660211885476;0.10073728892921929;2.64984864178112;0.28451117812621096;-0.37350009903872;0.03285275179186807;0.28371349487809716;;;;;;0.06060070991516113;0.6936693854499278;
MAR;40%;0.4;HOMAB%;Continue;KNN (k=5);49.60992305414662;8.577641995447465;0.14484649066904126;33.039136;2.947097313303384;-5.633952;0.07690326661151246;0.3797945816961893;;;;;;0.06060070991516113;0.6936693854499278;
MAR;40%;0.4;HOMAS%;Continue;KNN (k=5);481.21992988583736;77.22369098005747;0.15712277725073867;222.0423679976992;52.825917319914794;-11.365632003836799;0.22196827692043727;0.1874371282920521;;;;;;0.06060070991516113;0.6936693854499278;
MAR;40%;0.4;IMC;Continue;KNN (k=5);6.1376879360295105;0.4740878754970404;0.1538348616543582;4.561080022998399;0.5353090514316953;-0.3084797188640002;0.09795603270999453;0.22212891952653982;;;;;;0.06060070991516113;0.6936693854499278;
MAR;40%;0.4;Ins (µUI/mL);Continue;KNN (k=5);7.648108403340528;1.309600813343035;0.13206569338221297;4.5954369544;0.6098480993428951;-2.7319294131519998;0.006847840018734887;0.006852356276570948;;;;;;0.06060070991516113;0.6936693854499278;
MAR;40%;0.4;Insu pmol/L;Continue;KNN (k=5);46.137170476738085;4.170367906297113;0.1327809241267734;28.123530505728002;0.9901009669465336;-15.869960248704;0.028447708185612368;0.20773508637056187;;;;;;0.06060070991516113;0.6936693854499278;
MAR;40%;0.4;Insuline 10 UI;Continue;KNN (k=5);1.4688584573190118;0.8240561512743023;0.14688584573190117;0.41600000000000004;0.14576693726630882;-0.03200000000000003;0.7985445833580799;0.10307072000727455;;;;;;0.06060070991516113;0.6936693854499278;
MAR;40%;0.4;LDLc;Continue;KNN (k=5);0.4911973877262607;0.03511288572051453;0.22206030186539816;0.38918144;0.029940764764581393;-0.10690176;0.0014718650853961872;0.0012292556887266075;;;;;;0.06060070991516113;0.6936693854499278;
MAR;40%;0.4;Lasilix 40 mg;Continue;KNN (k=5);0.0;0.0;;0.0;0.0;0.0;1.0;1.0;;;;;;0.06060070991516113;0.6936693854499278;
MAR;40%;0.4;Lexomil 6 mg;Continue;KNN (k=5);0.0;0.0;;0.0;0.0;0.0;1.0;1.0;;;;;;0.06060070991516113;0.6936693854499278;
MAR;40%;0.4;Metformine 500 mg;Continue;KNN (k=5);1405.67527738168;200.53994165108776;0.7028376386908399;1212.48;289.7660297550422;39.04;0.11037201826674152;0.3406042837344033;;;;;;0.06060070991516113;0.6936693854499278;
MAR;40%;0.4;Non HDL;Continue;KNN (k=5);0.49353820059122955;0.03210258083805871;0.20394140520298745;0.3945472;0.020526507817941218;-0.006553600000000032;0.022105281287287275;0.007878316695532496;;;;;;0.06060070991516113;0.6936693854499278;
MAR;40%;0.4;PAD;Continue;KNN (k=5);13.082712614534406;1.2898714303673504;0.1469967709498248;10.52448;1.2760711704289867;-0.11231999999999989;0.029609497627688375;0.3672436965936425;;;;;;0.06060070991516113;0.6936693854499278;
MAR;40%;0.4;PAS;Continue;KNN (k=5);24.725874564028498;2.857416456330915;0.19019903510791153;19.81088;1.9311421366642072;-1.18816;0.021588765124367446;0.16208217537983938;;;;;;0.06060070991516113;0.6936693854499278;
MAR;40%;0.4;PCSK9;Continue;KNN (k=5);40.1084013692098;2.933749231166335;0.12022429890282649;30.892218237274882;3.4979391630700247;2.7684900774566414;0.14293218123526882;0.05634915306956081;;;;;;0.06060070991516113;0.6936693854499278;
MAR;40%;0.4;Prot;Continue;KNN (k=5);13.662747054245028;3.972449441924789;0.14883166725757108;10.2769088;2.3840189957471396;0.02818560000000083;0.015479919580015059;0.0010296317801906346;;;;;;0.06060070991516113;0.6936693854499278;
MAR;40%;0.4;Ratio LDL-c/HDL;Continue;KNN (k=5);4.622080279819486;3.6717688756293247;0.050272146357376424;2.45102664295392;1.3807391247313756;0.16876542186464025;0.0009008619759395509;8.847391992901333e-08;;;;;;0.06060070991516113;0.6936693854499278;
MAR;40%;0.4;Ratio LogTG/HDL;Continue;KNN (k=5);0.3498822934639779;0.12385160165632675;0.16743055381366811;0.2546310108624;0.08014723661669088;-0.11847562127775998;0.05131205485822869;0.0254929370947534;;;;;;0.06060070991516113;0.6936693854499278;
MAR;40%;0.4;Ratio TG/HDL;Continue;KNN (k=5);2.692374354151739;2.0343025128430128;0.06334998480357033;1.49019788964576;0.9105882121915628;0.4102549694224001;0.053269167293656626;0.043107048259922454;;;;;;0.06060070991516113;0.6936693854499278;
MAR;40%;0.4;Ratio Tot-c/HDL;Continue;KNN (k=5);5.2782408377505705;4.0291853243619125;0.05250322456421345;2.79762769807136;1.5625078084917507;-0.08529065834399993;0.038824034900465196;0.0001676728954293051;;;;;;0.06060070991516113;0.6936693854499278;
MAR;40%;0.4;TG;Continue;KNN (k=5);0.45203874334171223;0.10530987678065587;0.1287859667640206;0.3539328;0.08834072611881796;0.05710080000000001;0.20635886557618505;0.16821205837708347;;;;;;0.06060070991516113;0.6936693854499278;
MAR;40%;0.4;TT;Continue;KNN (k=5);15.864838579045662;1.4705716834042901;0.09223743359910268;11.521600000000001;1.294808341029667;-1.2566399999999995;0.09581314259509846;0.10018298257505835;;;;;;0.06060070991516113;0.6936693854499278;
MAR;40%;0.4;Totc;Continue;KNN (k=5);0.4623059741355429;0.049418325024563774;0.2001324563357329;0.3709248;0.04530962903401437;0.0663488;0.02812005990446902;0.2550059826738983;;;;;;0.06060070991516113;0.6936693854499278;
MAR;40%;0.4;lu(mmol/l);Continue;KNN (k=5);4.780599260128502;0.6824718749825884;0.1584716358775816;3.65679369856;0.3903378070537938;1.0235281881599998;0.0069615708356516775;0.12297730052374387;;;;;;0.06060070991516113;0.6936693854499278;
MAR;40%;0.4;HTA;Binaire;KNN (k=5);;;;;;;;;0.5501593628610166;0.5744;0.16910498054830558;0.17494320482802211;1.3897875995462876e-18;0.06060070991516113;0.6936693854499278;0.2019004142330234
MAR;40%;0.4;HTS/HTD;Ordinale;KNN (k=5);;;;;;;;;0.2814312189334102;0.23040000000000002;0.0488097753844692;0.06536093078917148;2.351965360315604e-62;0.06060070991516113;0.6936693854499278;0.05495576576908895
MAR;40%;0.4;Profil_glycemique;Ordinale;KNN (k=5);;;;;;;;;0.2612021014626164;0.2528;0.04000268490341476;0.046562889463658365;2.1433815883701745e-48;0.06060070991516113;0.6936693854499278;0.1671076996176292
MAR;40%;0.4;Sexe;Binaire;KNN (k=5);;;;;;;;;0.5286750563740956;0.544;0.04076948744393823;0.04123293674219118;4.6555608140629156e-26;0.06060070991516113;0.6936693854499278;0.032379850801684165
MAR;40%;0.4;Adipo HMW;Continue;MICE (BayesianRidge);7.22846208331773;0.3494047208430199;0.1486397659291995;4.836136020611811;0.45879596064080813;0.770286890374097;0.0007386213675744085;0.022935154409142094;;;;;;1.7438753128051758;1.2328211875540571;
MAR;40%;0.4;Age;Continue;MICE (BayesianRidge);16.096363352609366;0.6348088168246188;0.29808080282609933;12.935023735858431;0.4559469420957119;0.8064522518878766;0.8598644552384936;0.3774143932548248;;;;;;1.7438753128051758;1.2328211875540571;
MAR;40%;0.4;Glibenclamide 5mg;Continue;MICE (BayesianRidge);7.177497639193893;0.24730985379230727;0.35887488195969464;5.644478999422508;0.15377952715944024;1.8148845802073208;0.0030391222520217073;0.0022030714930375704;;;;;;1.7438753128051758;1.2328211875540571;
MAR;40%;0.4;Glu;Continue;MICE (BayesianRidge);1.268979515792403;0.2965723758129055;0.23369788504464148;0.9289102900100547;0.2941068593784101;-0.18466747458909258;0.2219541368319248;0.19213563539384054;;;;;;1.7438753128051758;1.2328211875540571;
MAR;40%;0.4;HDL;Continue;MICE (BayesianRidge);0.4082218935393467;0.03113889960908066;0.28546985562192073;0.32447672369100317;0.026753144154077653;0.10406385211459616;0.0686536145920458;0.2145833581795678;;;;;;1.7438753128051758;1.2328211875540571;
MAR;40%;0.4;HOMA-IR;Continue;MICE (BayesianRidge);18.141904688110024;4.630134707973873;0.1814782818859287;12.052893572244539;3.860763860261506;-1.7524771475136667;0.00047363496774731876;0.16915368928350635;;;;;;1.7438753128051758;1.2328211875540571;
MAR;40%;0.4;HOMAB%;Continue;MICE (BayesianRidge);81.50676390772287;8.802026038869199;0.23797595301524926;63.436787238849114;6.093624739826429;6.594499675739085;0.06632808371562805;0.38609112632716613;;;;;;1.7438753128051758;1.2328211875540571;
MAR;40%;0.4;HOMAS%;Continue;MICE (BayesianRidge);637.3016577272462;76.05329740984524;0.2080849112636713;455.0924074346696;52.98479661382178;97.53373159873347;0.001197588780861804;0.33968902667622886;;;;;;1.7438753128051758;1.2328211875540571;
MAR;40%;0.4;IMC;Continue;MICE (BayesianRidge);9.051519326506012;1.3909523277742653;0.22686706099554083;6.986864271433502;1.0755177446413104;-0.3252992039779555;0.6801193113160819;0.6780935238080831;;;;;;1.7438753128051758;1.2328211875540571;
MAR;40%;0.4;Ins (µUI/mL);Continue;MICE (BayesianRidge);7.016565052113596;0.8118392609599463;0.12116035494005888;4.645966507348252;0.808020971535162;-0.8883688323365382;0.4399935626321262;0.5391829557604547;;;;;;1.7438753128051758;1.2328211875540571;
MAR;40%;0.4;Insu pmol/L;Continue;MICE (BayesianRidge);44.27282422064037;8.213172514722887;0.12741541045918175;29.807003271288117;8.61839348421856;-5.182350608912993;0.4471313668559248;0.5156076046773155;;;;;;1.7438753128051758;1.2328211875540571;
MAR;40%;0.4;Insuline 10 UI;Continue;MICE (BayesianRidge);2.268875866641338;0.30463559720530103;0.22688758666413378;1.4794772697355545;0.28133853247182566;-0.11894219228471863;2.2625180928648904e-06;0.5071196460064729;;;;;;1.7438753128051758;1.2328211875540571;
MAR;40%;0.4;LDLc;Continue;MICE (BayesianRidge);0.7437875460857695;0.3946199837376119;0.33625115103334974;0.5248038363031486;0.18164737994412572;-0.04271281638787391;0.5817202313129739;0.23053763787091247;;;;;;1.7438753128051758;1.2328211875540571;
MAR;40%;0.4;Lasilix 40 mg;Continue;MICE (BayesianRidge);0.00022314521583314054;4.445114852489732e-05;;0.00017992857129088663;3.5540959780077126e-05;-1.1127986182544312e-05;3.6997703365904884e-06;0.6948282305464369;;;;;;1.7438753128051758;1.2328211875540571;
MAR;40%;0.4;Lexomil 6 mg;Continue;MICE (BayesianRidge);0.0002671219788301317;0.00016099154243531653;;0.00019712399826493952;8.828489453251327e-05;2.907210066830318e-05;5.586801793405717e-06;0.33557566874553313;;;;;;1.7438753128051758;1.2328211875540571;
MAR;40%;0.4;Metformine 500 mg;Continue;MICE (BayesianRidge);1721.3744773626743;373.47146979883;0.860687238681337;1153.6047766103015;57.83342049360307;46.027284347025876;0.0012122161664087428;0.2761043729053799;;;;;;1.7438753128051758;1.2328211875540571;
MAR;40%;0.4;Non HDL;Continue;MICE (BayesianRidge);0.6301390510972239;0.19581557859859922;0.26038803764348095;0.4766545371632701;0.12235048561016225;0.031233066493250146;0.642237873686892;0.2588878214785109;;;;;;1.7438753128051758;1.2328211875540571;
MAR;40%;0.4;PAD;Continue;MICE (BayesianRidge);19.503757529721554;1.5965050871905306;0.21914334303057922;15.485874547859172;1.4754133192403853;-1.235813647390881;0.221464292149086;0.545184538713886;;;;;;1.7438753128051758;1.2328211875540571;
MAR;40%;0.4;PAS;Continue;MICE (BayesianRidge);36.25071614837715;2.1267978318433944;0.2788516626798242;28.991182369481965;2.2365415698347246;0.4154820622211425;0.623275100074068;0.5751071860075399;;;;;;1.7438753128051758;1.2328211875540571;
MAR;40%;0.4;PCSK9;Continue;MICE (BayesianRidge);52.20099896670274;5.5050467026401995;0.15647166899094617;41.587489408317666;5.266984026378416;6.463618169954664;0.2756421402747294;0.2142835815485717;;;;;;1.7438753128051758;1.2328211875540571;
MAR;40%;0.4;Prot;Continue;MICE (BayesianRidge);18.428692770403718;0.7827682504153093;0.20074828725929975;14.159501065408516;0.3012927478798641;-0.2991105350244737;0.013403196844633276;0.0015760486940213955;;;;;;1.7438753128051758;1.2328211875540571;
MAR;40%;0.4;Ratio LDL-c/HDL;Continue;MICE (BayesianRidge);6.10323011909691;3.170812846987556;0.06638190148700114;3.6980863564406503;1.4291718268222002;-0.5120416043099112;0.020741013817117345;0.21378494558594388;;;;;;1.7438753128051758;1.2328211875540571;
MAR;40%;0.4;Ratio LogTG/HDL;Continue;MICE (BayesianRidge);0.4744182559851615;0.10894541007910354;0.22702523912399158;0.3709064357802866;0.07391511161892363;-0.14201890741226142;0.13767604686671633;0.1486746153456328;;;;;;1.7438753128051758;1.2328211875540571;
MAR;40%;0.4;Ratio TG/HDL;Continue;MICE (BayesianRidge);5.193028053155421;1.124797030431919;0.12218889536836286;3.8987615004533773;0.6441875888566347;0.3239503608933648;0.0022618181080207465;0.3568142141192537;;;;;;1.7438753128051758;1.2328211875540571;
MAR;40%;0.4;Ratio Tot-c/HDL;Continue;MICE (BayesianRidge);6.876215939323589;3.553690402767672;0.06839845333169522;4.230838748079767;1.727011019502002;-0.1571207291718471;0.03032353898566139;0.06970258456689511;;;;;;1.7438753128051758;1.2328211875540571;
MAR;40%;0.4;TG;Continue;MICE (BayesianRidge);0.6399154777750337;0.08245306719775046;0.18231210193020903;0.5019539555582886;0.05727962829251904;0.05948523116955606;0.3169253984170132;0.40945052827473816;;;;;;1.7438753128051758;1.2328211875540571;
MAR;40%;0.4;TT;Continue;MICE (BayesianRidge);26.037858902756312;6.246825419360003;0.1513829005974204;19.96629764986213;5.100110758858307;-4.626264525776412;0.42329168100862774;0.26393216627421057;;;;;;1.7438753128051758;1.2328211875540571;
MAR;40%;0.4;Totc;Continue;MICE (BayesianRidge);0.7035834673188641;0.2300855445836691;0.3045815875839239;0.5349711471753377;0.14190806464915048;0.06568015057217738;0.5944852526393258;0.3028626893337513;;;;;;1.7438753128051758;1.2328211875540571;
MAR;40%;0.4;lu(mmol/l);Continue;MICE (BayesianRidge);6.89709540991899;1.2974469070851062;0.2286311679645455;5.191768847696869;1.51030346977408;0.7940553908478152;0.14288117771965028;0.14105241566855473;;;;;;1.7438753128051758;1.2328211875540571;
MAR;40%;0.4;HTA;Binaire;MICE (BayesianRidge);;;;;;;;;0.5764223912655686;0.5664;0.06328475501258515;0.06497426191765845;2.4743796407411788e-25;1.7438753128051758;1.2328211875540571;0.024140027527045575
MAR;40%;0.4;HTS/HTD;Ordinale;MICE (BayesianRidge);;;;;;;;;0.3123758086641486;0.2656;0.008327726572963035;0.009183142769984312;5.0607806944241296e-43;1.7438753128051758;1.2328211875540571;0.05597586027471713
MAR;40%;0.4;Profil_glycemique;Ordinale;MICE (BayesianRidge);;;;;;;;;0.3454001511627641;0.2912;0.011367886983073717;0.012536370543071185;1.2832192033214452e-43;1.7438753128051758;1.2328211875540571;0.03711472216310523
MAR;40%;0.4;Sexe;Binaire;MICE (BayesianRidge);;;;;;;;;0.48397668747193007;0.4816;-0.05905591488490038;-0.059621530343328136;6.276332929734522e-21;1.7438753128051758;1.2328211875540571;0.03590853180732745
MAR;40%;0.4;Adipo HMW;Continue;MissForest;6.390908221960898;1.242741169683147;0.13141704158338177;3.037481588502959;1.2385684090169842;1.4580863880599253;0.00019615687628274744;7.373060855865466e-06;;;;;;51.878525733947754;0.8801260359412906;
MAR;40%;0.4;Age;Continue;MissForest;11.832316778735379;0.448980075598332;0.2191169773839885;9.568336798259313;0.40763317950693273;-1.0722790412445673;0.0562660148454668;0.4674380116785078;;;;;;51.878525733947754;0.8801260359412906;
MAR;40%;0.4;Glibenclamide 5mg;Continue;MissForest;5.111251949609747;0.7605884618188795;0.2555625974804873;4.188670707696015;0.7369980931488568;2.4489831529996313;2.4973671763165815e-06;0.13722906049109648;;;;;;51.878525733947754;0.8801260359412906;
MAR;40%;0.4;Glu;Continue;MissForest;0.47695117568254597;0.3583225385881939;0.0878363122803952;0.2642713112496392;0.23350507717257774;-0.08314197791630587;0.4638432292228284;0.22813777814452535;;;;;;51.878525733947754;0.8801260359412906;
MAR;40%;0.4;HDL;Continue;MissForest;0.1803215411844326;0.03914936616626026;0.12609897984925358;0.13976397377113442;0.03848901901542953;0.047180733749083166;0.1943817944648276;0.04093589439885634;;;;;;51.878525733947754;0.8801260359412906;
MAR;40%;0.4;HOMA-IR;Continue;MissForest;9.433367859135311;2.4188289733504167;0.09436447941410524;1.9408774868056617;0.49002451474790765;-0.5289208081910695;0.3538191966689706;0.17642351243282423;;;;;;51.878525733947754;0.8801260359412906;
MAR;40%;0.4;HOMAB%;Continue;MissForest;41.03735243283745;8.713579743716267;0.11981708739514585;26.550278835252424;3.885084974586479;2.5236997340076543;0.023970224356776367;0.15737437224569467;;;;;;51.878525733947754;0.8801260359412906;
MAR;40%;0.4;HOMAS%;Continue;MissForest;942.7457186318956;595.2424708101689;0.30781523447673476;660.8113254815759;705.5598240011014;538.2131785652457;0.25767830465353747;0.01970534714527688;;;;;;51.878525733947754;0.8801260359412906;
MAR;40%;0.4;IMC;Continue;MissForest;5.059986226202199;1.4994443010098262;0.12682337212216171;3.6927647719025125;1.3327189828164965;0.288181943875398;0.5304198991348199;0.2182410018954994;;;;;;51.878525733947754;0.8801260359412906;
MAR;40%;0.4;Ins (µUI/mL);Continue;MissForest;6.440006542547273;1.6518667333496344;0.1112044814971519;3.6946707473980576;1.5013974249798963;-0.42907138227744934;0.21408570972550534;0.42484021499254004;;;;;;51.878525733947754;0.8801260359412906;
MAR;40%;0.4;Insu pmol/L;Continue;MissForest;39.28258541942351;6.870119954009492;0.11305370355795474;22.61709452986105;6.555587894335507;-0.8832846498407395;0.16010850394257103;0.16467807018271455;;;;;;51.878525733947754;0.8801260359412906;
MAR;40%;0.4;Insuline 10 UI;Continue;MissForest;2.0485584265449517;0.7861427772927689;0.20485584265449522;0.7913599999999998;0.7313280850616908;0.4368;0.5615384692700073;0.17621921635616095;;;;;;51.878525733947754;0.8801260359412906;
MAR;40%;0.4;LDLc;Continue;MissForest;0.2643277858259495;0.10170504268198613;0.11949719069889223;0.19234500551670025;0.08152571855543755;-0.0766909756716276;0.4604158996911768;0.01556812424864143;;;;;;51.878525733947754;0.8801260359412906;
MAR;40%;0.4;Lasilix 40 mg;Continue;MissForest;0.0;0.0;;0.0;0.0;0.0;1.0;1.0;;;;;;51.878525733947754;0.8801260359412906;
MAR;40%;0.4;Lexomil 6 mg;Continue;MissForest;0.0;0.0;;0.0;0.0;0.0;1.0;1.0;;;;;;51.878525733947754;0.8801260359412906;
MAR;40%;0.4;Metformine 500 mg;Continue;MissForest;658.9352684948087;103.78898529282102;0.3294676342474044;380.92365714285717;64.75084236419993;12.591771428571429;0.06422827902480965;0.02636571778468928;;;;;;51.878525733947754;0.8801260359412906;
MAR;40%;0.4;Non HDL;Continue;MissForest;0.25521814547548305;0.12249192277335119;0.10546204358491033;0.17993283089259693;0.0987714800046493;-0.06982392125302912;0.5467321320168549;0.24290407872582248;;;;;;51.878525733947754;0.8801260359412906;
MAR;40%;0.4;PAD;Continue;MissForest;9.78449039062182;1.887512705335126;0.10993809427664965;7.478850462913636;1.384987686261552;-0.28812908899024264;0.08059974210786755;0.3065981727085222;;;;;;51.878525733947754;0.8801260359412906;
MAR;40%;0.4;PAS;Continue;MissForest;19.02712950711308;2.683583813626993;0.14636253467010063;13.996313498379356;2.654802961462464;-1.281758908832693;0.36566846793839747;0.25052700925881116;;;;;;51.878525733947754;0.8801260359412906;
MAR;40%;0.4;PCSK9;Continue;MissForest;41.847875750833985;4.96592732153335;0.12543834585685784;31.978422430715387;2.7138693929307447;12.325861232973214;0.019169494906472333;0.01902436616453424;;;;;;51.878525733947754;0.8801260359412906;
MAR;40%;0.4;Prot;Continue;MissForest;12.100988016142296;4.201043008581387;0.1318190415701775;8.909162668991176;2.656780568728401;-0.8463105503265107;0.03558736811961959;0.06448019503604631;;;;;;51.878525733947754;0.8801260359412906;
MAR;40%;0.4;Ratio LDL-c/HDL;Continue;MissForest;2.9055516539795305;4.142314426925276;0.03160228926259168;1.1636527462740802;1.626949678794865;-0.5348035260667549;0.4649456176534296;0.002185693476239181;;;;;;51.878525733947754;0.8801260359412906;
MAR;40%;0.4;Ratio LogTG/HDL;Continue;MissForest;0.2124788747903486;0.10457428035444634;0.10167835396196115;0.13139400013240082;0.07794957028467725;-0.0524886999251173;0.3539497027164197;0.2702145130964937;;;;;;51.878525733947754;0.8801260359412906;
MAR;40%;0.4;Ratio TG/HDL;Continue;MissForest;2.5687873194512045;2.975549844303826;0.06044205457532246;1.2379322618715085;1.7266255338787027;0.8501270595986838;0.5924067685384997;0.09773373857031001;;;;;;51.878525733947754;0.8801260359412906;
MAR;40%;0.4;Ratio Tot-c/HDL;Continue;MissForest;3.2403732406858117;4.702584665227476;0.03223233822731356;1.3553766719195193;1.8643762527466297;-0.6538307805346297;0.4206948281018751;0.06111714592688318;;;;;;51.878525733947754;0.8801260359412906;
MAR;40%;0.4;TG;Continue;MissForest;0.3738066714324852;0.14737750565719424;0.10649762718874223;0.28629300189391277;0.12467608023726295;0.12778591170051917;0.2359116317719916;0.007146082106405602;;;;;;51.878525733947754;0.8801260359412906;
MAR;40%;0.4;TT;Continue;MissForest;15.304379032447727;2.838540049192361;0.08897894786306818;10.972812492525264;2.789173779501469;-1.6318550251335986;0.16598646788631716;0.1515576773161412;;;;;;51.878525733947754;0.8801260359412906;
MAR;40%;0.4;Totc;Continue;MissForest;0.27511780299490934;0.09441897736703128;0.11909861601511229;0.21263216278520608;0.07433957993823272;0.014402477423795159;0.4243906202130677;0.1823425236098204;;;;;;51.878525733947754;0.8801260359412906;
MAR;40%;0.4;lu(mmol/l);Continue;MissForest;2.545925393966828;1.9940077933289042;0.08439464176994302;1.3231041501295469;1.3602631189818988;-0.5711497391364835;0.6457039215694182;0.2675945364413058;;;;;;51.878525733947754;0.8801260359412906;
MAR;40%;0.4;HTA;Binaire;MissForest;;;;;;;;;0.8461366311265589;0.8496;0.6386544521620241;0.6512683565214236;2.1033287192306582e-38;51.878525733947754;0.8801260359412906;0.10015889299518
MAR;40%;0.4;HTS/HTD;Ordinale;MissForest;;;;;;;;;0.6593122928192052;0.6384000000000001;0.4408150467881877;0.46037285073721107;1.2966886757639022e-84;51.878525733947754;0.8801260359412906;0.13441156315869265
MAR;40%;0.4;Profil_glycemique;Ordinale;MissForest;;;;;;;;;0.7712541428036734;0.8064;0.5480132263426004;0.5805932326619276;3.416030681440224e-101;51.878525733947754;0.8801260359412906;0.2045667066767321
MAR;40%;0.4;Sexe;Binaire;MissForest;;;;;;;;;0.5557928176199998;0.5599999999999999;0.09222292793574334;0.09559601905638915;1.1883061578502353e-23;51.878525733947754;0.8801260359412906;0.07275115615135747
